Workbook

Sheet EV_Stations
A1: station_id | B1: plug_id | C1: station_name | D1: operator | E1: address | F1: city | G1: district | H1: province | I1: connector_type | J1: charging_mode | K1: power_kw_dc | L1: power_kw_ac | M1: power_kw_max | N1: power_source_detail | O1: plug_count | P1: contact | Q1: map_url | R1: status | S1: rating | T1: source | U1: verified | V1: assumption_flag | W1: last_verified | X1: contact_best | Y1: contact_basis | Z1: contact_clean | AA1: contact_core | AB1: contact_national | AC1: contact_e164 | AD1: contact_type | AE1: contact_format_check
A2: EVNP-0001 | B2: EVNP-0001-P1 | C2: Abukhaireni | D2: NEA | E2: Abukhaireni | F2: Abukhaireni | G2: {=IFERROR(INDEX(City_Lookup!$B$2:$B$297,MATCH(TRUE,ISNUMBER(SEARCH(City_Lookup!$A$2:$A$297,$F2&" "&$E2)),0)),"Not Available")} -> Tanahun | H2: =IFERROR(INDEX(City_Lookup!$E$2:$E$66,MATCH($G2,City_Lookup!$D$2:$D$66,0)),"Not Available") -> Gandaki | I2: CCS2 | J2: DC | K2: 120.0 | M2: 120.0 | N2: plug_type='CCS2' | power_type='120Kw - DC, 22Kw - AC' | O2: 2 | P2: Not Available | Q2: https://www.google.com/maps/search/?api=1&query=Abukhaireni%2C%20Abukhaireni | R2: Listed | S2: Not Available | T2: chargingstationsnepal.com (workbook: EV_Station_Data.xlsx, brand/partner network compilation) | U2: NO | V2: YES | W2: 2026-09-03 | X2: +977-1-4153051 | Y2: Operator hotline (web, not station-specific) | Z2: =IF($X2="Not Available","",TRIM(LEFT(SUBSTITUTE(SUBSTITUTE(SUBSTITUTE(SUBSTITUTE(SUBSTITUTE(SUBSTITUTE(SUBSTITUTE($X2," ",""),"-",""),"(",""),")",""),".",""),"+","")&"/","/",REPT(" ",60)),60))) -> 97714153051 | AA2: =IF($Z2="","",IF(ISNUMBER(-$Z2),IF(LEFT($Z2,3)="977",MID($Z2,4,20),$Z2),IF(ISNUMBER(SEARCH("977",$Z2)),MID($Z2,SEARCH("977",$Z2)+3,20),$Z2))) -> 14153051 | AB2: =IF($AA2="","",IF(LEFT($AA2,1)="0",MID($AA2,2,20),$AA2)) -> 14153051 | AC2: =IF($AB2="","Not Available","+977"&$AB2) -> +97714153051 | AD2: =IF($AB2="","Not Available",IF(AND(LEN($AB2)=10,LEFT($AB2,1)="9"),"Mobile",IF(AND(LEN($AB2)>=8,LEN($AB2)<=9),IF(ISNUMBER(SEARCH("/",$X2)),"Landline (multiple lines)","Landline"),"Unrecognised"))) -> Landline | AE2: =IF($AB2="","Not Available",IF(AND(ISNUMBER(-$AB2),$AD2<>"Unrecognised"),"Valid","Check format")) -> Valid
A3: EVNP-0001 | B3: EVNP-0001-P2 | C3: Abukhaireni | D3: NEA | E3: Abukhaireni | F3: Abukhaireni | G3: {=IFERROR(INDEX(City_Lookup!$B$2:$B$297,MATCH(TRUE,ISNUMBER(SEARCH(City_Lookup!$A$2:$A$297,$F3&" "&$E3)),0)),"Not Available")} -> Tanahun | H3: =IFERROR(INDEX(City_Lookup!$E$2:$E$66,MATCH($G3,City_Lookup!$D$2:$D$66,0)),"Not Available") -> Gandaki | I3: CCS2 | J3: AC | L3: 22.0 | M3: 22.0 | N3: plug_type='CCS2' | power_type='120Kw - DC, 22Kw - AC' | O3: 2 | P3: Not Available | Q3: https://www.google.com/maps/search/?api=1&query=Abukhaireni%2C%20Abukhaireni | R3: Listed | S3: Not Available | T3: chargingstationsnepal.com (workbook: EV_Station_Data.xlsx, brand/partner network compilation) | U3: NO | V3: YES | W3: 2026-09-03 | X3: +977-1-4153051 | Y3: Operator hotline (web, not station-specific) | Z3: =IF($X3="Not Available","",TRIM(LEFT(SUBSTITUTE(SUBSTITUTE(SUBSTITUTE(SUBSTITUTE(SUBSTITUTE(SUBSTITUTE(SUBSTITUTE($X3," ",""),"-",""),"(",""),")",""),".",""),"+","")&"/","/",REPT(" ",60)),60))) -> 97714153051 | AA3: =IF($Z3="","",IF(ISNUMBER(-$Z3),IF(LEFT($Z3,3)="977",MID($Z3,4,20),$Z3),IF(ISNUMBER(SEARCH("977",$Z3)),MID($Z3,SEARCH("977",$Z3)+3,20),$Z3))) -> 14153051 | AB3: =IF($AA3="","",IF(LEFT($AA3,1)="0",MID($AA3,2,20),$AA3)) -> 14153051 | AC3: =IF($AB3="","Not Available","+977"&$AB3) -> +97714153051 | AD3: =IF($AB3="","Not Available",IF(AND(LEN($AB3)=10,LEFT($AB3,1)="9"),"Mobile",IF(AND(LEN($AB3)>=8,LEN($AB3)<=9),IF(ISNUMBER(SEARCH("/",$X3)),"Landline (multiple lines)","Landline"),"Unrecognised"))) -> Landline | AE3: =IF($AB3="","Not Available",IF(AND(ISNUMBER(-$AB3),$AD3<>"Unrecognised"),"Valid","Check format")) -> Valid
A4: EVNP-0002 | B4: EVNP-0002-P1 | C4: Kurintar | D4: NEA | E4: Kurintar | F4: Kurintar | G4: {=IFERROR(INDEX(City_Lookup!$B$2:$B$297,MATCH(TRUE,ISNUMBER(SEARCH(City_Lookup!$A$2:$A$297,$F4&" "&$E4)),0)),"Not Available")} -> Chitwan | H4: =IFERROR(INDEX(City_Lookup!$E$2:$E$66,MATCH($G4,City_Lookup!$D$2:$D$66,0)),"Not Available") -> Bagmati | I4: CCS2 | J4: DC | K4: 120.0 | M4: 120.0 | N4: plug_type='CCS2' | power_type='120Kw - DC, 22Kw - AC' | O4: 2 | P4: Not Available | Q4: https://www.google.com/maps/search/?api=1&query=Kurintar%2C%20Kurintar | R4: Listed | S4: Not Available | T4: chargingstationsnepal.com (workbook: EV_Station_Data.xlsx, brand/partner network compilation) | U4: NO | V4: YES | W4: 2026-09-03 | X4: +977-1-4153051 | Y4: Operator hotline (web, not station-specific) | Z4: =IF($X4="Not Available","",TRIM(LEFT(SUBSTITUTE(SUBSTITUTE(SUBSTITUTE(SUBSTITUTE(SUBSTITUTE(SUBSTITUTE(SUBSTITUTE($X4," ",""),"-",""),"(",""),")",""),".",""),"+","")&"/","/",REPT(" ",60)),60))) -> 97714153051 | AA4: =IF($Z4="","",IF(ISNUMBER(-$Z4),IF(LEFT($Z4,3)="977",MID($Z4,4,20),$Z4),IF(ISNUMBER(SEARCH("977",$Z4)),MID($Z4,SEARCH("977",$Z4)+3,20),$Z4))) -> 14153051 | AB4: =IF($AA4="","",IF(LEFT($AA4,1)="0",MID($AA4,2,20),$AA4)) -> 14153051 | AC4: =IF($AB4="","Not Available","+977"&$AB4) -> +97714153051 | AD4: =IF($AB4="","Not Available",IF(AND(LEN($AB4)=10,LEFT($AB4,1)="9"),"Mobile",IF(AND(LEN($AB4)>=8,LEN($AB4)<=9),IF(ISNUMBER(SEARCH("/",$X4)),"Landline (multiple lines)","Landline"),"Unrecognised"))) -> Landline | AE4: =IF($AB4="","Not Available",IF(AND(ISNUMBER(-$AB4),$AD4<>"Unrecognised"),"Valid","Check format")) -> Valid
A5: EVNP-0002 | B5: EVNP-0002-P2 | C5: Kurintar | D5: NEA | E5: Kurintar | F5: Kurintar | G5: {=IFERROR(INDEX(City_Lookup!$B$2:$B$297,MATCH(TRUE,ISNUMBER(SEARCH(City_Lookup!$A$2:$A$297,$F5&" "&$E5)),0)),"Not Available")} -> Chitwan | H5: =IFERROR(INDEX(City_Lookup!$E$2:$E$66,MATCH($G5,City_Lookup!$D$2:$D$66,0)),"Not Available") -> Bagmati | I5: CCS2 | J5: AC | L5: 22.0 | M5: 22.0 | N5: plug_type='CCS2' | power_type='120Kw - DC, 22Kw - AC' | O5: 2 | P5: Not Available | Q5: https://www.google.com/maps/search/?api=1&query=Kurintar%2C%20Kurintar | R5: Listed | S5: Not Available | T5: chargingstationsnepal.com (workbook: EV_Station_Data.xlsx, brand/partner network compilation) | U5: NO | V5: YES | W5: 2026-09-03 | X5: +977-1-4153051 | Y5: Operator hotline (web, not station-specific) | Z5: =IF($X5="Not Available","",TRIM(LEFT(SUBSTITUTE(SUBSTITUTE(SUBSTITUTE(SUBSTITUTE(SUBSTITUTE(SUBSTITUTE(SUBSTITUTE($X5," ",""),"-",""),"(",""),")",""),".",""),"+","")&"/","/",REPT(" ",60)),60))) -> 97714153051 | AA5: =IF($Z5="","",IF(ISNUMBER(-$Z5),IF(LEFT($Z5,3)="977",MID($Z5,4,20),$Z5),IF(ISNUMBER(SEARCH("977",$Z5)),MID($Z5,SEARCH("977",$Z5)+3,20),$Z5))) -> 14153051 | AB5: =IF($AA5="","",IF(LEFT($AA5,1)="0",MID($AA5,2,20),$AA5)) -> 14153051 | AC5: =IF($AB5="","Not Available","+977"&$AB5) -> +97714153051 | AD5: =IF($AB5="","Not Available",IF(AND(LEN($AB5)=10,LEFT($AB5,1)="9"),"Mobile",IF(AND(LEN($AB5)>=8,LEN($AB5)<=9),IF(ISNUMBER(SEARCH("/",$X5)),"Landline (multiple lines)","Landline"),"Unrecognised"))) -> Landline | AE5: =IF($AB5="","Not Available",IF(AND(ISNUMBER(-$AB5),$AD5<>"Unrecognised"),"Valid","Check format")) -> Valid
A6: EVNP-0003 | B6: EVNP-0003-P1 | C6: Charaudi | D6: NEA | E6: Charaudi | F6: Charaudi | G6: {=IFERROR(INDEX(City_Lookup!$B$2:$B$297,MATCH(TRUE,ISNUMBER(SEARCH(City_Lookup!$A$2:$A$297,$F6&" "&$E6)),0)),"Not Available")} -> Dhading | H6: =IFERROR(INDEX(City_Lookup!$E$2:$E$66,MATCH($G6,City_Lookup!$D$2:$D$66,0)),"Not Available") -> Bagmati | I6: CCS2 | J6: DC | K6: 120.0 | M6: 120.0 | N6: plug_type='CCS2' | power_type='120Kw - DC, 22Kw - AC' | O6: 2 | P6: Not Available | Q6: https://www.google.com/maps/search/?api=1&query=Charaudi%2C%20Charaudi | R6: Listed | S6: Not Available | T6: chargingstationsnepal.com (workbook: EV_Station_Data.xlsx, brand/partner network compilation) | U6: NO | V6: YES | W6: 2026-09-03 | X6: +977-1-4153051 | Y6: Operator hotline (web, not station-specific) | Z6: =IF($X6="Not Available","",TRIM(LEFT(SUBSTITUTE(SUBSTITUTE(SUBSTITUTE(SUBSTITUTE(SUBSTITUTE(SUBSTITUTE(SUBSTITUTE($X6," ",""),"-",""),"(",""),")",""),".",""),"+","")&"/","/",REPT(" ",60)),60))) -> 97714153051 | AA6: =IF($Z6="","",IF(ISNUMBER(-$Z6),IF(LEFT($Z6,3)="977",MID($Z6,4,20),$Z6),IF(ISNUMBER(SEARCH("977",$Z6)),MID($Z6,SEARCH("977",$Z6)+3,20),$Z6))) -> 14153051 | AB6: =IF($AA6="","",IF(LEFT($AA6,1)="0",MID($AA6,2,20),$AA6)) -> 14153051 | AC6: =IF($AB6="","Not Available","+977"&$AB6) -> +97714153051 | AD6: =IF($AB6="","Not Available",IF(AND(LEN($AB6)=10,LEFT($AB6,1)="9"),"Mobile",IF(AND(LEN($AB6)>=8,LEN($AB6)<=9),IF(ISNUMBER(SEARCH("/",$X6)),"Landline (multiple lines)","Landline"),"Unrecognised"))) -> Landline | AE6: =IF($AB6="","Not Available",IF(AND(ISNUMBER(-$AB6),$AD6<>"Unrecognised"),"Valid","Check format")) -> Valid
A7: EVNP-0003 | B7: EVNP-0003-P2 | C7: Charaudi | D7: NEA | E7: Charaudi | F7: Charaudi | G7: {=IFERROR(INDEX(City_Lookup!$B$2:$B$297,MATCH(TRUE,ISNUMBER(SEARCH(City_Lookup!$A$2:$A$297,$F7&" "&$E7)),0)),"Not Available")} -> Dhading | H7: =IFERROR(INDEX(City_Lookup!$E$2:$E$66,MATCH($G7,City_Lookup!$D$2:$D$66,0)),"Not Available") -> Bagmati | I7: CCS2 | J7: AC | L7: 22.0 | M7: 22.0 | N7: plug_type='CCS2' | power_type='120Kw - DC, 22Kw - AC' | O7: 2 | P7: Not Available | Q7: https://www.google.com/maps/search/?api=1&query=Charaudi%2C%20Charaudi | R7: Listed | S7: Not Available | T7: chargingstationsnepal.com (workbook: EV_Station_Data.xlsx, brand/partner network compilation) | U7: NO | V7: YES | W7: 2026-09-03 | X7: +977-1-4153051 | Y7: Operator hotline (web, not station-specific) | Z7: =IF($X7="Not Available","",TRIM(LEFT(SUBSTITUTE(SUBSTITUTE(SUBSTITUTE(SUBSTITUTE(SUBSTITUTE(SUBSTITUTE(SUBSTITUTE($X7," ",""),"-",""),"(",""),")",""),".",""),"+","")&"/","/",REPT(" ",60)),60))) -> 97714153051 | AA7: =IF($Z7="","",IF(ISNUMBER(-$Z7),IF(LEFT($Z7,3)="977",MID($Z7,4,20),$Z7),IF(ISNUMBER(SEARCH("977",$Z7)),MID($Z7,SEARCH("977",$Z7)+3,20),$Z7))) -> 14153051 | AB7: =IF($AA7="","",IF(LEFT($AA7,1)="0",MID($AA7,2,20),$AA7)) -> 14153051 | AC7: =IF($AB7="","Not Available","+977"&$AB7) -> +97714153051 | AD7: =IF($AB7="","Not Available",IF(AND(LEN($AB7)=10,LEFT($AB7,1)="9"),"Mobile",IF(AND(LEN($AB7)>=8,LEN($AB7)<=9),IF(ISNUMBER(SEARCH("/",$X7)),"Landline (multiple lines)","Landline"),"Unrecognised"))) -> Landline | AE7: =IF($AB7="","Not Available",IF(AND(ISNUMBER(-$AB7),$AD7<>"Unrecognised"),"Valid","Check format")) -> Valid
A8: EVNP-0004 | B8: EVNP-0004-P1 | C8: Dolakha | D8: NEA | E8: Dolakha | F8: Dolakha | G8: {=IFERROR(INDEX(City_Lookup!$B$2:$B$297,MATCH(TRUE,ISNUMBER(SEARCH(City_Lookup!$A$2:$A$297,$F8&" "&$E8)),0)),"Not Available")} -> Dolakha | H8: =IFERROR(INDEX(City_Lookup!$E$2:$E$66,MATCH($G8,City_Lookup!$D$2:$D$66,0)),"Not Available") -> Bagmati | I8: CCS2 | J8: DC | K8: 120.0 | M8: 120.0 | N8: plug_type='CCS2' | power_type='120Kw - DC, 22Kw - AC' | O8: 2 | P8: Not Available | Q8: https://www.google.com/maps/search/?api=1&query=Dolakha%2C%20Dolakha | R8: Listed | S8: Not Available | T8: chargingstationsnepal.com (workbook: EV_Station_Data.xlsx, brand/partner network compilation) | U8: NO | V8: YES | W8: 2026-09-03 | X8: +977-1-4153051 | Y8: Operator hotline (web, not station-specific) | Z8: =IF($X8="Not Available","",TRIM(LEFT(SUBSTITUTE(SUBSTITUTE(SUBSTITUTE(SUBSTITUTE(SUBSTITUTE(SUBSTITUTE(SUBSTITUTE($X8," ",""),"-",""),"(",""),")",""),".",""),"+","")&"/","/",REPT(" ",60)),60))) -> 97714153051 | AA8: =IF($Z8="","",IF(ISNUMBER(-$Z8),IF(LEFT($Z8,3)="977",MID($Z8,4,20),$Z8),IF(ISNUMBER(SEARCH("977",$Z8)),MID($Z8,SEARCH("977",$Z8)+3,20),$Z8))) -> 14153051 | AB8: =IF($AA8="","",IF(LEFT($AA8,1)="0",MID($AA8,2,20),$AA8)) -> 14153051 | AC8: =IF($AB8="","Not Available","+977"&$AB8) -> +97714153051 | AD8: =IF($AB8="","Not Available",IF(AND(LEN($AB8)=10,LEFT($AB8,1)="9"),"Mobile",IF(AND(LEN($AB8)>=8,LEN($AB8)<=9),IF(ISNUMBER(SEARCH("/",$X8)),"Landline (multiple lines)","Landline"),"Unrecognised"))) -> Landline | AE8: =IF($AB8="","Not Available",IF(AND(ISNUMBER(-$AB8),$AD8<>"Unrecognised"),"Valid","Check format")) -> Valid
A9: EVNP-0004 | B9: EVNP-0004-P2 | C9: Dolakha | D9: NEA | E9: Dolakha | F9: Dolakha | G9: {=IFERROR(INDEX(City_Lookup!$B$2:$B$297,MATCH(TRUE,ISNUMBER(SEARCH(City_Lookup!$A$2:$A$297,$F9&" "&$E9)),0)),"Not Available")} -> Dolakha | H9: =IFERROR(INDEX(City_Lookup!$E$2:$E$66,MATCH($G9,City_Lookup!$D$2:$D$66,0)),"Not Available") -> Bagmati | I9: CCS2 | J9: AC | L9: 22.0 | M9: 22.0 | N9: plug_type='CCS2' | power_type='120Kw - DC, 22Kw - AC' | O9: 2 | P9: Not Available | Q9: https://www.google.com/maps/search/?api=1&query=Dolakha%2C%20Dolakha | R9: Listed | S9: Not Available | T9: chargingstationsnepal.com (workbook: EV_Station_Data.xlsx, brand/partner network compilation) | U9: NO | V9: YES | W9: 2026-09-03 | X9: +977-1-4153051 | Y9: Operator hotline (web, not station-specific) | Z9: =IF($X9="Not Available","",TRIM(LEFT(SUBSTITUTE(SUBSTITUTE(SUBSTITUTE(SUBSTITUTE(SUBSTITUTE(SUBSTITUTE(SUBSTITUTE($X9," ",""),"-",""),"(",""),")",""),".",""),"+","")&"/","/",REPT(" ",60)),60))) -> 97714153051 | AA9: =IF($Z9="","",IF(ISNUMBER(-$Z9),IF(LEFT($Z9,3)="977",MID($Z9,4,20),$Z9),IF(ISNUMBER(SEARCH("977",$Z9)),MID($Z9,SEARCH("977",$Z9)+3,20),$Z9))) -> 14153051 | AB9: =IF($AA9="","",IF(LEFT($AA9,1)="0",MID($AA9,2,20),$AA9)) -> 14153051 | AC9: =IF($AB9="","Not Available","+977"&$AB9) -> +97714153051 | AD9: =IF($AB9="","Not Available",IF(AND(LEN($AB9)=10,LEFT($AB9,1)="9"),"Mobile",IF(AND(LEN($AB9)>=8,LEN($AB9)<=9),IF(ISNUMBER(SEARCH("/",$X9)),"Landline (multiple lines)","Landline"),"Unrecognised"))) -> Landline | AE9: =IF($AB9="","Not Available",IF(AND(ISNUMBER(-$AB9),$AD9<>"Unrecognised"),"Valid","Check format")) -> Valid
A10: EVNP-0005 | B10: EVNP-0005-P1 | C10: Dhulikhel | D10: NEA | E10: Dhulikhel | F10: Dhulikhel | G10: {=IFERROR(INDEX(City_Lookup!$B$2:$B$297,MATCH(TRUE,ISNUMBER(SEARCH(City_Lookup!$A$2:$A$297,$F10&" "&$E10)),0)),"Not Available")} -> Kavre | H10: =IFERROR(INDEX(City_Lookup!$E$2:$E$66,MATCH($G10,City_Lookup!$D$2:$D$66,0)),"Not Available") -> Bagmati | I10: CCS2 | J10: DC | K10: 120.0 | M10: 120.0 | N10: plug_type='CCS2' | power_type='120Kw - DC, 22Kw - AC' | O10: 2 | P10: Not Available | Q10: https://www.google.com/maps/search/?api=1&query=Dhulikhel%2C%20Dhulikhel | R10: Listed | S10: Not Available | T10: chargingstationsnepal.com (workbook: EV_Station_Data.xlsx, brand/partner network compilation) | U10: NO | V10: YES | W10: 2026-09-03 | X10: +977-1-4153051 | Y10: Operator hotline (web, not station-specific) | Z10: =IF($X10="Not Available","",TRIM(LEFT(SUBSTITUTE(SUBSTITUTE(SUBSTITUTE(SUBSTITUTE(SUBSTITUTE(SUBSTITUTE(SUBSTITUTE($X10," ",""),"-",""),"(",""),")",""),".",""),"+","")&"/","/",REPT(" ",60)),60))) -> 97714153051 | AA10: =IF($Z10="","",IF(ISNUMBER(-$Z10),IF(LEFT($Z10,3)="977",MID($Z10,4,20),$Z10),IF(ISNUMBER(SEARCH("977",$Z10)),MID($Z10,SEARCH("977",$Z10)+3,20),$Z10))) -> 14153051 | AB10: =IF($AA10="","",IF(LEFT($AA10,1)="0",MID($AA10,2,20),$AA10)) -> 14153051 | AC10: =IF($AB10="","Not Available","+977"&$AB10) -> +97714153051 | AD10: =IF($AB10="","Not Available",IF(AND(LEN($AB10)=10,LEFT($AB10,1)="9"),"Mobile",IF(AND(LEN($AB10)>=8,LEN($AB10)<=9),IF(ISNUMBER(SEARCH("/",$X10)),"Landline (multiple lines)","Landline"),"Unrecognised"))) -> Landline | AE10: =IF($AB10="","Not Available",IF(AND(ISNUMBER(-$AB10),$AD10<>"Unrecognised"),"Valid","Check format")) -> Valid
A11: EVNP-0005 | B11: EVNP-0005-P2 | C11: Dhulikhel | D11: NEA | E11: Dhulikhel | F11: Dhulikhel | G11: {=IFERROR(INDEX(City_Lookup!$B$2:$B$297,MATCH(TRUE,ISNUMBER(SEARCH(City_Lookup!$A$2:$A$297,$F11&" "&$E11)),0)),"Not Available")} -> Kavre | H11: =IFERROR(INDEX(City_Lookup!$E$2:$E$66,MATCH($G11,City_Lookup!$D$2:$D$66,0)),"Not Available") -> Bagmati | I11: CCS2 | J11: AC | L11: 22.0 | M11: 22.0 | N11: plug_type='CCS2' | power_type='120Kw - DC, 22Kw - AC' | O11: 2 | P11: Not Available | Q11: https://www.google.com/maps/search/?api=1&query=Dhulikhel%2C%20Dhulikhel | R11: Listed | S11: Not Available | T11: chargingstationsnepal.com (workbook: EV_Station_Data.xlsx, brand/partner network compilation) | U11: NO | V11: YES | W11: 2026-09-03 | X11: +977-1-4153051 | Y11: Operator hotline (web, not station-specific) | Z11: =IF($X11="Not Available","",TRIM(LEFT(SUBSTITUTE(SUBSTITUTE(SUBSTITUTE(SUBSTITUTE(SUBSTITUTE(SUBSTITUTE(SUBSTITUTE($X11," ",""),"-",""),"(",""),")",""),".",""),"+","")&"/","/",REPT(" ",60)),60))) -> 97714153051 | AA11: =IF($Z11="","",IF(ISNUMBER(-$Z11),IF(LEFT($Z11,3)="977",MID($Z11,4,20),$Z11),IF(ISNUMBER(SEARCH("977",$Z11)),MID($Z11,SEARCH("977",$Z11)+3,20),$Z11))) -> 14153051 | AB11: =IF($AA11="","",IF(LEFT($AA11,1)="0",MID($AA11,2,20),$AA11)) -> 14153051 | AC11: =IF($AB11="","Not Available","+977"&$AB11) -> +97714153051 | AD11: =IF($AB11="","Not Available",IF(AND(LEN($AB11)=10,LEFT($AB11,1)="9"),"Mobile",IF(AND(LEN($AB11)>=8,LEN($AB11)<=9),IF(ISNUMBER(SEARCH("/",$X11)),"Landline (multiple lines)","Landline"),"Unrecognised"))) -> Landline | AE11: =IF($AB11="","Not Available",IF(AND(ISNUMBER(-$AB11),$AD11<>"Unrecognised"),"Valid","Check format")) -> Valid
A12: EVNP-0006 | B12: EVNP-0006-P1 | C12: Dharke | D12: NEA | E12: Dharke | F12: Dharke | G12: {=IFERROR(INDEX(City_Lookup!$B$2:$B$297,MATCH(TRUE,ISNUMBER(SEARCH(City_Lookup!$A$2:$A$297,$F12&" "&$E12)),0)),"Not Available")} -> Dhading | H12: =IFERROR(INDEX(City_Lookup!$E$2:$E$66,MATCH($G12,City_Lookup!$D$2:$D$66,0)),"Not Available") -> Bagmati | I12: CCS2 | J12: DC | K12: 120.0 | M12: 120.0 | N12: plug_type='CCS2' | power_type='120Kw - DC, 22Kw - AC' | O12: 2 | P12: Not Available | Q12: https://www.google.com/maps/search/?api=1&query=Dharke%2C%20Dharke | R12: Listed | S12: Not Available | T12: chargingstationsnepal.com (workbook: EV_Station_Data.xlsx, brand/partner network compilation) | U12: NO | V12: YES | W12: 2026-09-03 | X12: +977-1-4153051 | Y12: Operator hotline (web, not station-specific) | Z12: =IF($X12="Not Available","",TRIM(LEFT(SUBSTITUTE(SUBSTITUTE(SUBSTITUTE(SUBSTITUTE(SUBSTITUTE(SUBSTITUTE(SUBSTITUTE($X12," ",""),"-",""),"(",""),")",""),".",""),"+","")&"/","/",REPT(" ",60)),60))) -> 97714153051 | AA12: =IF($Z12="","",IF(ISNUMBER(-$Z12),IF(LEFT($Z12,3)="977",MID($Z12,4,20),$Z12),IF(ISNUMBER(SEARCH("977",$Z12)),MID($Z12,SEARCH("977",$Z12)+3,20),$Z12))) -> 14153051 | AB12: =IF($AA12="","",IF(LEFT($AA12,1)="0",MID($AA12,2,20),$AA12)) -> 14153051 | AC12: =IF($AB12="","Not Available","+977"&$AB12) -> +97714153051 | AD12: =IF($AB12="","Not Available",IF(AND(LEN($AB12)=10,LEFT($AB12,1)="9"),"Mobile",IF(AND(LEN($AB12)>=8,LEN($AB12)<=9),IF(ISNUMBER(SEARCH("/",$X12)),"Landline (multiple lines)","Landline"),"Unrecognised"))) -> Landline | AE12: =IF($AB12="","Not Available",IF(AND(ISNUMBER(-$AB12),$AD12<>"Unrecognised"),"Valid","Check format")) -> Valid
A13: EVNP-0006 | B13: EVNP-0006-P2 | C13: Dharke | D13: NEA | E13: Dharke | F13: Dharke | G13: {=IFERROR(INDEX(City_Lookup!$B$2:$B$297,MATCH(TRUE,ISNUMBER(SEARCH(City_Lookup!$A$2:$A$297,$F13&" "&$E13)),0)),"Not Available")} -> Dhading | H13: =IFERROR(INDEX(City_Lookup!$E$2:$E$66,MATCH($G13,City_Lookup!$D$2:$D$66,0)),"Not Available") -> Bagmati | I13: CCS2 | J13: AC | L13: 22.0 | M13: 22.0 | N13: plug_type='CCS2' | power_type='120Kw - DC, 22Kw - AC' | O13: 2 | P13: Not Available | Q13: https://www.google.com/maps/search/?api=1&query=Dharke%2C%20Dharke | R13: Listed | S13: Not Available | T13: chargingstationsnepal.com (workbook: EV_Station_Data.xlsx, brand/partner network compilation) | U13: NO | V13: YES | W13: 2026-09-03 | X13: +977-1-4153051 | Y13: Operator hotline (web, not station-specific) | Z13: =IF($X13="Not Available","",TRIM(LEFT(SUBSTITUTE(SUBSTITUTE(SUBSTITUTE(SUBSTITUTE(SUBSTITUTE(SUBSTITUTE(SUBSTITUTE($X13," ",""),"-",""),"(",""),")",""),".",""),"+","")&"/","/",REPT(" ",60)),60))) -> 97714153051 | AA13: =IF($Z13="","",IF(ISNUMBER(-$Z13),IF(LEFT($Z13,3)="977",MID($Z13,4,20),$Z13),IF(ISNUMBER(SEARCH("977",$Z13)),MID($Z13,SEARCH("977",$Z13)+3,20),$Z13))) -> 14153051 | AB13: =IF($AA13="","",IF(LEFT($AA13,1)="0",MID($AA13,2,20),$AA13)) -> 14153051 | AC13: =IF($AB13="","Not Available","+977"&$AB13) -> +97714153051 | AD13: =IF($AB13="","Not Available",IF(AND(LEN($AB13)=10,LEFT($AB13,1)="9"),"Mobile",IF(AND(LEN($AB13)>=8,LEN($AB13)<=9),IF(ISNUMBER(SEARCH("/",$X13)),"Landline (multiple lines)","Landline"),"Unrecognised"))) -> Landline | AE13: =IF($AB13="","Not Available",IF(AND(ISNUMBER(-$AB13),$AD13<>"Unrecognised"),"Valid","Check format")) -> Valid
A14: EVNP-0007 | B14: EVNP-0007-P1 | C14: Mugling | D14: NEA | E14: Mugling | F14: Mugling | G14: {=IFERROR(INDEX(City_Lookup!$B$2:$B$297,MATCH(TRUE,ISNUMBER(SEARCH(City_Lookup!$A$2:$A$297,$F14&" "&$E14)),0)),"Not Available")} -> Chitwan | H14: =IFERROR(INDEX(City_Lookup!$E$2:$E$66,MATCH($G14,City_Lookup!$D$2:$D$66,0)),"Not Available") -> Bagmati | I14: CCS2 | J14: DC | K14: 120.0 | M14: 120.0 | N14: plug_type='CCS2' | power_type='120Kw - DC, 22Kw - AC' | O14: 2 | P14: Not Available | Q14: https://www.google.com/maps/search/?api=1&query=Mugling%2C%20Mugling | R14: Listed | S14: Not Available | T14: chargingstationsnepal.com (workbook: EV_Station_Data.xlsx, brand/partner network compilation) | U14: NO | V14: YES | W14: 2026-09-03 | X14: +977-1-4153051 | Y14: Operator hotline (web, not station-specific) | Z14: =IF($X14="Not Available","",TRIM(LEFT(SUBSTITUTE(SUBSTITUTE(SUBSTITUTE(SUBSTITUTE(SUBSTITUTE(SUBSTITUTE(SUBSTITUTE($X14," ",""),"-",""),"(",""),")",""),".",""),"+","")&"/","/",REPT(" ",60)),60))) -> 97714153051 | AA14: =IF($Z14="","",IF(ISNUMBER(-$Z14),IF(LEFT($Z14,3)="977",MID($Z14,4,20),$Z14),IF(ISNUMBER(SEARCH("977",$Z14)),MID($Z14,SEARCH("977",$Z14)+3,20),$Z14))) -> 14153051 | AB14: =IF($AA14="","",IF(LEFT($AA14,1)="0",MID($AA14,2,20),$AA14)) -> 14153051 | AC14: =IF($AB14="","Not Available","+977"&$AB14) -> +97714153051 | AD14: =IF($AB14="","Not Available",IF(AND(LEN($AB14)=10,LEFT($AB14,1)="9"),"Mobile",IF(AND(LEN($AB14)>=8,LEN($AB14)<=9),IF(ISNUMBER(SEARCH("/",$X14)),"Landline (multiple lines)","Landline"),"Unrecognised"))) -> Landline | AE14: =IF($AB14="","Not Available",IF(AND(ISNUMBER(-$AB14),$AD14<>"Unrecognised"),"Valid","Check format")) -> Valid
A15: EVNP-0007 | B15: EVNP-0007-P2 | C15: Mugling | D15: NEA | E15: Mugling | F15: Mugling | G15: {=IFERROR(INDEX(City_Lookup!$B$2:$B$297,MATCH(TRUE,ISNUMBER(SEARCH(City_Lookup!$A$2:$A$297,$F15&" "&$E15)),0)),"Not Available")} -> Chitwan | H15: =IFERROR(INDEX(City_Lookup!$E$2:$E$66,MATCH($G15,City_Lookup!$D$2:$D$66,0)),"Not Available") -> Bagmati | I15: CCS2 | J15: AC | L15: 22.0 | M15: 22.0 | N15: plug_type='CCS2' | power_type='120Kw - DC, 22Kw - AC' | O15: 2 | P15: Not Available | Q15: https://www.google.com/maps/search/?api=1&query=Mugling%2C%20Mugling | R15: Listed | S15: Not Available | T15: chargingstationsnepal.com (workbook: EV_Station_Data.xlsx, brand/partner network compilation) | U15: NO | V15: YES | W15: 2026-09-03 | X15: +977-1-4153051 | Y15: Operator hotline (web, not station-specific) | Z15: =IF($X15="Not Available","",TRIM(LEFT(SUBSTITUTE(SUBSTITUTE(SUBSTITUTE(SUBSTITUTE(SUBSTITUTE(SUBSTITUTE(SUBSTITUTE($X15," ",""),"-",""),"(",""),")",""),".",""),"+","")&"/","/",REPT(" ",60)),60))) -> 97714153051 | AA15: =IF($Z15="","",IF(ISNUMBER(-$Z15),IF(LEFT($Z15,3)="977",MID($Z15,4,20),$Z15),IF(ISNUMBER(SEARCH("977",$Z15)),MID($Z15,SEARCH("977",$Z15)+3,20),$Z15))) -> 14153051 | AB15: =IF($AA15="","",IF(LEFT($AA15,1)="0",MID($AA15,2,20),$AA15)) -> 14153051 | AC15: =IF($AB15="","Not Available","+977"&$AB15) -> +97714153051 | AD15: =IF($AB15="","Not Available",IF(AND(LEN($AB15)=10,LEFT($AB15,1)="9"),"Mobile",IF(AND(LEN($AB15)>=8,LEN($AB15)<=9),IF(ISNUMBER(SEARCH("/",$X15)),"Landline (multiple lines)","Landline"),"Unrecognised"))) -> Landline | AE15: =IF($AB15="","Not Available",IF(AND(ISNUMBER(-$AB15),$AD15<>"Unrecognised"),"Valid","Check format")) -> Valid
A16: EVNP-0008 | B16: EVNP-0008-P1 | C16: Paras Bus Park, Chitwan | D16: NEA | E16: Paras Bus Park, Chitwan | F16: Paras Bus Park, Chitwan | G16: {=IFERROR(INDEX(City_Lookup!$B$2:$B$297,MATCH(TRUE,ISNUMBER(SEARCH(City_Lookup!$A$2:$A$297,$F16&" "&$E16)),0)),"Not Available")} -> Chitwan | H16: =IFERROR(INDEX(City_Lookup!$E$2:$E$66,MATCH($G16,City_Lookup!$D$2:$D$66,0)),"Not Available") -> Bagmati | I16: CCS2 | J16: DC | K16: 120.0 | M16: 120.0 | N16: plug_type='CCS2' | power_type='120Kw - DC, 22Kw - AC' | O16: 2 | P16: Not Available | Q16: https://www.google.com/maps/search/?api=1&query=Paras%20Bus%20Park%2C%20Chitwan%2C%20Paras%20Bus%20Park%2C%20Chitwan | R16: Listed | S16: Not Available | T16: chargingstationsnepal.com (workbook: EV_Station_Data.xlsx, brand/partner network compilation) | U16: NO | V16: YES | W16: 2026-09-03 | X16: +977-1-4153051 | Y16: Operator hotline (web, not station-specific) | Z16: =IF($X16="Not Available","",TRIM(LEFT(SUBSTITUTE(SUBSTITUTE(SUBSTITUTE(SUBSTITUTE(SUBSTITUTE(SUBSTITUTE(SUBSTITUTE($X16," ",""),"-",""),"(",""),")",""),".",""),"+","")&"/","/",REPT(" ",60)),60))) -> 97714153051 | AA16: =IF($Z16="","",IF(ISNUMBER(-$Z16),IF(LEFT($Z16,3)="977",MID($Z16,4,20),$Z16),IF(ISNUMBER(SEARCH("977",$Z16)),MID($Z16,SEARCH("977",$Z16)+3,20),$Z16))) -> 14153051 | AB16: =IF($AA16="","",IF(LEFT($AA16,1)="0",MID($AA16,2,20),$AA16)) -> 14153051 | AC16: =IF($AB16="","Not Available","+977"&$AB16) -> +97714153051 | AD16: =IF($AB16="","Not Available",IF(AND(LEN($AB16)=10,LEFT($AB16,1)="9"),"Mobile",IF(AND(LEN($AB16)>=8,LEN($AB16)<=9),IF(ISNUMBER(SEARCH("/",$X16)),"Landline (multiple lines)","Landline"),"Unrecognised"))) -> Landline | AE16: =IF($AB16="","Not Available",IF(AND(ISNUMBER(-$AB16),$AD16<>"Unrecognised"),"Valid","Check format")) -> Valid
A17: EVNP-0008 | B17: EVNP-0008-P2 | C17: Paras Bus Park, Chitwan | D17: NEA | E17: Paras Bus Park, Chitwan | F17: Paras Bus Park, Chitwan | G17: {=IFERROR(INDEX(City_Lookup!$B$2:$B$297,MATCH(TRUE,ISNUMBER(SEARCH(City_Lookup!$A$2:$A$297,$F17&" "&$E17)),0)),"Not Available")} -> Chitwan | H17: =IFERROR(INDEX(City_Lookup!$E$2:$E$66,MATCH($G17,City_Lookup!$D$2:$D$66,0)),"Not Available") -> Bagmati | I17: CCS2 | J17: AC | L17: 22.0 | M17: 22.0 | N17: plug_type='CCS2' | power_type='120Kw - DC, 22Kw - AC' | O17: 2 | P17: Not Available | Q17: https://www.google.com/maps/search/?api=1&query=Paras%20Bus%20Park%2C%20Chitwan%2C%20Paras%20Bus%20Park%2C%20Chitwan | R17: Listed | S17: Not Available | T17: chargingstationsnepal.com (workbook: EV_Station_Data.xlsx, brand/partner network compilation) | U17: NO | V17: YES | W17: 2026-09-03 | X17: +977-1-4153051 | Y17: Operator hotline (web, not station-specific) | Z17: =IF($X17="Not Available","",TRIM(LEFT(SUBSTITUTE(SUBSTITUTE(SUBSTITUTE(SUBSTITUTE(SUBSTITUTE(SUBSTITUTE(SUBSTITUTE($X17," ",""),"-",""),"(",""),")",""),".",""),"+","")&"/","/",REPT(" ",60)),60))) -> 97714153051 | AA17: =IF($Z17="","",IF(ISNUMBER(-$Z17),IF(LEFT($Z17,3)="977",MID($Z17,4,20),$Z17),IF(ISNUMBER(SEARCH("977",$Z17)),MID($Z17,SEARCH("977",$Z17)+3,20),$Z17))) -> 14153051 | AB17: =IF($AA17="","",IF(LEFT($AA17,1)="0",MID($AA17,2,20),$AA17)) -> 14153051 | AC17: =IF($AB17="","Not Available","+977"&$AB17) -> +97714153051 | AD17: =IF($AB17="","Not Available",IF(AND(LEN($AB17)=10,LEFT($AB17,1)="9"),"Mobile",IF(AND(LEN($AB17)>=8,LEN($AB17)<=9),IF(ISNUMBER(SEARCH("/",$X17)),"Landline (multiple lines)","Landline"),"Unrecognised"))) -> Landline | AE17: =IF($AB17="","Not Available",IF(AND(ISNUMBER(-$AB17),$AD17<>"Unrecognised"),"Valid","Check format")) -> Valid
A18: EVNP-0009 | B18: EVNP-0009-P1 | C18: Khurkot, Sindhuli | D18: NEA | E18: Khurkot, Sindhuli | F18: Khurkot, Sindhuli | G18: {=IFERROR(INDEX(City_Lookup!$B$2:$B$297,MATCH(TRUE,ISNUMBER(SEARCH(City_Lookup!$A$2:$A$297,$F18&" "&$E18)),0)),"Not Available")} -> Sindhuli | H18: =IFERROR(INDEX(City_Lookup!$E$2:$E$66,MATCH($G18,City_Lookup!$D$2:$D$66,0)),"Not Available") -> Bagmati | I18: CCS2 | J18: DC | K18: 120.0 | M18: 120.0 | N18: plug_type='CCS2' | power_type='120Kw - DC, 22Kw - AC' | O18: 2 | P18: Not Available | Q18: https://www.google.com/maps/search/?api=1&query=Khurkot%2C%20Sindhuli%2C%20Khurkot%2C%20Sindhuli | R18: Listed | S18: Not Available | T18: chargingstationsnepal.com (workbook: EV_Station_Data.xlsx, brand/partner network compilation) | U18: NO | V18: YES | W18: 2026-09-03 | X18: +977-1-4153051 | Y18: Operator hotline (web, not station-specific) | Z18: =IF($X18="Not Available","",TRIM(LEFT(SUBSTITUTE(SUBSTITUTE(SUBSTITUTE(SUBSTITUTE(SUBSTITUTE(SUBSTITUTE(SUBSTITUTE($X18," ",""),"-",""),"(",""),")",""),".",""),"+","")&"/","/",REPT(" ",60)),60))) -> 97714153051 | AA18: =IF($Z18="","",IF(ISNUMBER(-$Z18),IF(LEFT($Z18,3)="977",MID($Z18,4,20),$Z18),IF(ISNUMBER(SEARCH("977",$Z18)),MID($Z18,SEARCH("977",$Z18)+3,20),$Z18))) -> 14153051 | AB18: =IF($AA18="","",IF(LEFT($AA18,1)="0",MID($AA18,2,20),$AA18)) -> 14153051 | AC18: =IF($AB18="","Not Available","+977"&$AB18) -> +97714153051 | AD18: =IF($AB18="","Not Available",IF(AND(LEN($AB18)=10,LEFT($AB18,1)="9"),"Mobile",IF(AND(LEN($AB18)>=8,LEN($AB18)<=9),IF(ISNUMBER(SEARCH("/",$X18)),"Landline (multiple lines)","Landline"),"Unrecognised"))) -> Landline | AE18: =IF($AB18="","Not Available",IF(AND(ISNUMBER(-$AB18),$AD18<>"Unrecognised"),"Valid","Check format")) -> Valid
A19: EVNP-0009 | B19: EVNP-0009-P2 | C19: Khurkot, Sindhuli | D19: NEA | E19: Khurkot, Sindhuli | F19: Khurkot, Sindhuli | G19: {=IFERROR(INDEX(City_Lookup!$B$2:$B$297,MATCH(TRUE,ISNUMBER(SEARCH(City_Lookup!$A$2:$A$297,$F19&" "&$E19)),0)),"Not Available")} -> Sindhuli | H19: =IFERROR(INDEX(City_Lookup!$E$2:$E$66,MATCH($G19,City_Lookup!$D$2:$D$66,0)),"Not Available") -> Bagmati | I19: CCS2 | J19: AC | L19: 22.0 | M19: 22.0 | N19: plug_type='CCS2' | power_type='120Kw - DC, 22Kw - AC' | O19: 2 | P19: Not Available | Q19: https://www.google.com/maps/search/?api=1&query=Khurkot%2C%20Sindhuli%2C%20Khurkot%2C%20Sindhuli | R19: Listed | S19: Not Available | T19: chargingstationsnepal.com (workbook: EV_Station_Data.xlsx, brand/partner network compilation) | U19: NO | V19: YES | W19: 2026-09-03 | X19: +977-1-4153051 | Y19: Operator hotline (web, not station-specific) | Z19: =IF($X19="Not Available","",TRIM(LEFT(SUBSTITUTE(SUBSTITUTE(SUBSTITUTE(SUBSTITUTE(SUBSTITUTE(SUBSTITUTE(SUBSTITUTE($X19," ",""),"-",""),"(",""),")",""),".",""),"+","")&"/","/",REPT(" ",60)),60))) -> 97714153051 | AA19: =IF($Z19="","",IF(ISNUMBER(-$Z19),IF(LEFT($Z19,3)="977",MID($Z19,4,20),$Z19),IF(ISNUMBER(SEARCH("977",$Z19)),MID($Z19,SEARCH("977",$Z19)+3,20),$Z19))) -> 14153051 | AB19: =IF($AA19="","",IF(LEFT($AA19,1)="0",MID($AA19,2,20),$AA19)) -> 14153051 | AC19: =IF($AB19="","Not Available","+977"&$AB19) -> +97714153051 | AD19: =IF($AB19="","Not Available",IF(AND(LEN($AB19)=10,LEFT($AB19,1)="9"),"Mobile",IF(AND(LEN($AB19)>=8,LEN($AB19)<=9),IF(ISNUMBER(SEARCH("/",$X19)),"Landline (multiple lines)","Landline"),"Unrecognised"))) -> Landline | AE19: =IF($AB19="","Not Available",IF(AND(ISNUMBER(-$AB19),$AD19<>"Unrecognised"),"Valid","Check format")) -> Valid
A20: EVNP-0010 | B20: EVNP-0010-P1 | C20: Sindhuli Bus Park | D20: NEA | E20: Sindhuli Bus Park | F20: Sindhuli Bus Park | G20: {=IFERROR(INDEX(City_Lookup!$B$2:$B$297,MATCH(TRUE,ISNUMBER(SEARCH(City_Lookup!$A$2:$A$297,$F20&" "&$E20)),0)),"Not Available")} -> Sindhuli | H20: =IFERROR(INDEX(City_Lookup!$E$2:$E$66,MATCH($G20,City_Lookup!$D$2:$D$66,0)),"Not Available") -> Bagmati | I20: CCS2 | J20: DC | K20: 120.0 | M20: 120.0 | N20: plug_type='CCS2' | power_type='120Kw - DC, 22Kw - AC' | O20: 2 | P20: Not Available | Q20: https://www.google.com/maps/search/?api=1&query=Sindhuli%20Bus%20Park%2C%20Sindhuli%20Bus%20Park | R20: Listed | S20: Not Available | T20: chargingstationsnepal.com (workbook: EV_Station_Data.xlsx, brand/partner network compilation) | U20: NO | V20: YES | W20: 2026-09-03 | X20: +977-1-4153051 | Y20: Operator hotline (web, not station-specific) | Z20: =IF($X20="Not Available","",TRIM(LEFT(SUBSTITUTE(SUBSTITUTE(SUBSTITUTE(SUBSTITUTE(SUBSTITUTE(SUBSTITUTE(SUBSTITUTE($X20," ",""),"-",""),"(",""),")",""),".",""),"+","")&"/","/",REPT(" ",60)),60))) -> 97714153051 | AA20: =IF($Z20="","",IF(ISNUMBER(-$Z20),IF(LEFT($Z20,3)="977",MID($Z20,4,20),$Z20),IF(ISNUMBER(SEARCH("977",$Z20)),MID($Z20,SEARCH("977",$Z20)+3,20),$Z20))) -> 14153051 | AB20: =IF($AA20="","",IF(LEFT($AA20,1)="0",MID($AA20,2,20),$AA20)) -> 14153051 | AC20: =IF($AB20="","Not Available","+977"&$AB20) -> +97714153051 | AD20: =IF($AB20="","Not Available",IF(AND(LEN($AB20)=10,LEFT($AB20,1)="9"),"Mobile",IF(AND(LEN($AB20)>=8,LEN($AB20)<=9),IF(ISNUMBER(SEARCH("/",$X20)),"Landline (multiple lines)","Landline"),"Unrecognised"))) -> Landline | AE20: =IF($AB20="","Not Available",IF(AND(ISNUMBER(-$AB20),$AD20<>"Unrecognised"),"Valid","Check format")) -> Valid
A21: EVNP-0010 | B21: EVNP-0010-P2 | C21: Sindhuli Bus Park | D21: NEA | E21: Sindhuli Bus Park | F21: Sindhuli Bus Park | G21: {=IFERROR(INDEX(City_Lookup!$B$2:$B$297,MATCH(TRUE,ISNUMBER(SEARCH(City_Lookup!$A$2:$A$297,$F21&" "&$E21)),0)),"Not Available")} -> Sindhuli | H21: =IFERROR(INDEX(City_Lookup!$E$2:$E$66,MATCH($G21,City_Lookup!$D$2:$D$66,0)),"Not Available") -> Bagmati | I21: CCS2 | J21: AC | L21: 22.0 | M21: 22.0 | N21: plug_type='CCS2' | power_type='120Kw - DC, 22Kw - AC' | O21: 2 | P21: Not Available | Q21: https://www.google.com/maps/search/?api=1&query=Sindhuli%20Bus%20Park%2C%20Sindhuli%20Bus%20Park | R21: Listed | S21: Not Available | T21: chargingstationsnepal.com (workbook: EV_Station_Data.xlsx, brand/partner network compilation) | U21: NO | V21: YES | W21: 2026-09-03 | X21: +977-1-4153051 | Y21: Operator hotline (web, not station-specific) | Z21: =IF($X21="Not Available","",TRIM(LEFT(SUBSTITUTE(SUBSTITUTE(SUBSTITUTE(SUBSTITUTE(SUBSTITUTE(SUBSTITUTE(SUBSTITUTE($X21," ",""),"-",""),"(",""),")",""),".",""),"+","")&"/","/",REPT(" ",60)),60))) -> 97714153051 | AA21: =IF($Z21="","",IF(ISNUMBER(-$Z21),IF(LEFT($Z21,3)="977",MID($Z21,4,20),$Z21),IF(ISNUMBER(SEARCH("977",$Z21)),MID($Z21,SEARCH("977",$Z21)+3,20),$Z21))) -> 14153051 | AB21: =IF($AA21="","",IF(LEFT($AA21,1)="0",MID($AA21,2,20),$AA21)) -> 14153051 | AC21: =IF($AB21="","Not Available","+977"&$AB21) -> +97714153051 | AD21: =IF($AB21="","Not Available",IF(AND(LEN($AB21)=10,LEFT($AB21,1)="9"),"Mobile",IF(AND(LEN($AB21)>=8,LEN($AB21)<=9),IF(ISNUMBER(SEARCH("/",$X21)),"Landline (multiple lines)","Landline"),"Unrecognised"))) -> Landline | AE21: =IF($AB21="","Not Available",IF(AND(ISNUMBER(-$AB21),$AD21<>"Unrecognised"),"Valid","Check format")) -> Valid
A22: EVNP-0011 | B22: EVNP-0011-P1 | C22: Bardiwas Local Police Office | D22: NEA | E22: Bardiwas Local Police Office | F22: Bardiwas Local Police Office | G22: {=IFERROR(INDEX(City_Lookup!$B$2:$B$297,MATCH(TRUE,ISNUMBER(SEARCH(City_Lookup!$A$2:$A$297,$F22&" "&$E22)),0)),"Not Available")} -> Mahottari | H22: =IFERROR(INDEX(City_Lookup!$E$2:$E$66,MATCH($G22,City_Lookup!$D$2:$D$66,0)),"Not Available") -> Madhesh | I22: CCS2 | J22: DC | K22: 120.0 | M22: 120.0 | N22: plug_type='CCS2' | power_type='120Kw - DC, 22Kw - AC' | O22: 2 | P22: Not Available | Q22: https://www.google.com/maps/search/?api=1&query=Bardiwas%20Local%20Police%20Office%2C%20Bardiwas%20Local%20Police%20Office | R22: Listed | S22: Not Available | T22: chargingstationsnepal.com (workbook: EV_Station_Data.xlsx, brand/partner network compilation) | U22: NO | V22: YES | W22: 2026-09-03 | X22: +977-1-4153051 | Y22: Operator hotline (web, not station-specific) | Z22: =IF($X22="Not Available","",TRIM(LEFT(SUBSTITUTE(SUBSTITUTE(SUBSTITUTE(SUBSTITUTE(SUBSTITUTE(SUBSTITUTE(SUBSTITUTE($X22," ",""),"-",""),"(",""),")",""),".",""),"+","")&"/","/",REPT(" ",60)),60))) -> 97714153051 | AA22: =IF($Z22="","",IF(ISNUMBER(-$Z22),IF(LEFT($Z22,3)="977",MID($Z22,4,20),$Z22),IF(ISNUMBER(SEARCH("977",$Z22)),MID($Z22,SEARCH("977",$Z22)+3,20),$Z22))) -> 14153051 | AB22: =IF($AA22="","",IF(LEFT($AA22,1)="0",MID($AA22,2,20),$AA22)) -> 14153051 | AC22: =IF($AB22="","Not Available","+977"&$AB22) -> +97714153051 | AD22: =IF($AB22="","Not Available",IF(AND(LEN($AB22)=10,LEFT($AB22,1)="9"),"Mobile",IF(AND(LEN($AB22)>=8,LEN($AB22)<=9),IF(ISNUMBER(SEARCH("/",$X22)),"Landline (multiple lines)","Landline"),"Unrecognised"))) -> Landline | AE22: =IF($AB22="","Not Available",IF(AND(ISNUMBER(-$AB22),$AD22<>"Unrecognised"),"Valid","Check format")) -> Valid
A23: EVNP-0011 | B23: EVNP-0011-P2 | C23: Bardiwas Local Police Office | D23: NEA | E23: Bardiwas Local Police Office | F23: Bardiwas Local Police Office | G23: {=IFERROR(INDEX(City_Lookup!$B$2:$B$297,MATCH(TRUE,ISNUMBER(SEARCH(City_Lookup!$A$2:$A$297,$F23&" "&$E23)),0)),"Not Available")} -> Mahottari | H23: =IFERROR(INDEX(City_Lookup!$E$2:$E$66,MATCH($G23,City_Lookup!$D$2:$D$66,0)),"Not Available") -> Madhesh | I23: CCS2 | J23: AC | L23: 22.0 | M23: 22.0 | N23: plug_type='CCS2' | power_type='120Kw - DC, 22Kw - AC' | O23: 2 | P23: Not Available | Q23: https://www.google.com/maps/search/?api=1&query=Bardiwas%20Local%20Police%20Office%2C%20Bardiwas%20Local%20Police%20Office | R23: Listed | S23: Not Available | T23: chargingstationsnepal.com (workbook: EV_Station_Data.xlsx, brand/partner network compilation) | U23: NO | V23: YES | W23: 2026-09-03 | X23: +977-1-4153051 | Y23: Operator hotline (web, not station-specific) | Z23: =IF($X23="Not Available","",TRIM(LEFT(SUBSTITUTE(SUBSTITUTE(SUBSTITUTE(SUBSTITUTE(SUBSTITUTE(SUBSTITUTE(SUBSTITUTE($X23," ",""),"-",""),"(",""),")",""),".",""),"+","")&"/","/",REPT(" ",60)),60))) -> 97714153051 | AA23: =IF($Z23="","",IF(ISNUMBER(-$Z23),IF(LEFT($Z23,3)="977",MID($Z23,4,20),$Z23),IF(ISNUMBER(SEARCH("977",$Z23)),MID($Z23,SEARCH("977",$Z23)+3,20),$Z23))) -> 14153051 | AB23: =IF($AA23="","",IF(LEFT($AA23,1)="0",MID($AA23,2,20),$AA23)) -> 14153051 | AC23: =IF($AB23="","Not Available","+977"&$AB23) -> +97714153051 | AD23: =IF($AB23="","Not Available",IF(AND(LEN($AB23)=10,LEFT($AB23,1)="9"),"Mobile",IF(AND(LEN($AB23)>=8,LEN($AB23)<=9),IF(ISNUMBER(SEARCH("/",$X23)),"Landline (multiple lines)","Landline"),"Unrecognised"))) -> Landline | AE23: =IF($AB23="","Not Available",IF(AND(ISNUMBER(-$AB23),$AD23<>"Unrecognised"),"Valid","Check format")) -> Valid
A24: EVNP-0012 | B24: EVNP-0012-P1 | C24: Mahottari | D24: NEA | E24: Mahottari | F24: Mahottari | G24: {=IFERROR(INDEX(City_Lookup!$B$2:$B$297,MATCH(TRUE,ISNUMBER(SEARCH(City_Lookup!$A$2:$A$297,$F24&" "&$E24)),0)),"Not Available")} -> Mahottari | H24: =IFERROR(INDEX(City_Lookup!$E$2:$E$66,MATCH($G24,City_Lookup!$D$2:$D$66,0)),"Not Available") -> Madhesh | I24: CCS2 | J24: DC | K24: 120.0 | M24: 120.0 | N24: plug_type='CCS2' | power_type='120Kw - DC, 22Kw - AC' | O24: 2 | P24: Not Available | Q24: https://www.google.com/maps/search/?api=1&query=Mahottari%2C%20Mahottari | R24: Listed | S24: Not Available | T24: chargingstationsnepal.com (workbook: EV_Station_Data.xlsx, brand/partner network compilation) | U24: NO | V24: YES | W24: 2026-09-03 | X24: +977-1-4153051 | Y24: Operator hotline (web, not station-specific) | Z24: =IF($X24="Not Available","",TRIM(LEFT(SUBSTITUTE(SUBSTITUTE(SUBSTITUTE(SUBSTITUTE(SUBSTITUTE(SUBSTITUTE(SUBSTITUTE($X24," ",""),"-",""),"(",""),")",""),".",""),"+","")&"/","/",REPT(" ",60)),60))) -> 97714153051 | AA24: =IF($Z24="","",IF(ISNUMBER(-$Z24),IF(LEFT($Z24,3)="977",MID($Z24,4,20),$Z24),IF(ISNUMBER(SEARCH("977",$Z24)),MID($Z24,SEARCH("977",$Z24)+3,20),$Z24))) -> 14153051 | AB24: =IF($AA24="","",IF(LEFT($AA24,1)="0",MID($AA24,2,20),$AA24)) -> 14153051 | AC24: =IF($AB24="","Not Available","+977"&$AB24) -> +97714153051 | AD24: =IF($AB24="","Not Available",IF(AND(LEN($AB24)=10,LEFT($AB24,1)="9"),"Mobile",IF(AND(LEN($AB24)>=8,LEN($AB24)<=9),IF(ISNUMBER(SEARCH("/",$X24)),"Landline (multiple lines)","Landline"),"Unrecognised"))) -> Landline | AE24: =IF($AB24="","Not Available",IF(AND(ISNUMBER(-$AB24),$AD24<>"Unrecognised"),"Valid","Check format")) -> Valid
A25: EVNP-0012 | B25: EVNP-0012-P2 | C25: Mahottari | D25: NEA | E25: Mahottari | F25: Mahottari | G25: {=IFERROR(INDEX(City_Lookup!$B$2:$B$297,MATCH(TRUE,ISNUMBER(SEARCH(City_Lookup!$A$2:$A$297,$F25&" "&$E25)),0)),"Not Available")} -> Mahottari | H25: =IFERROR(INDEX(City_Lookup!$E$2:$E$66,MATCH($G25,City_Lookup!$D$2:$D$66,0)),"Not Available") -> Madhesh | I25: CCS2 | J25: AC | L25: 22.0 | M25: 22.0 | N25: plug_type='CCS2' | power_type='120Kw - DC, 22Kw - AC' | O25: 2 | P25: Not Available | Q25: https://www.google.com/maps/search/?api=1&query=Mahottari%2C%20Mahottari | R25: Listed | S25: Not Available | T25: chargingstationsnepal.com (workbook: EV_Station_Data.xlsx, brand/partner network compilation) | U25: NO | V25: YES | W25: 2026-09-03 | X25: +977-1-4153051 | Y25: Operator hotline (web, not station-specific) | Z25: =IF($X25="Not Available","",TRIM(LEFT(SUBSTITUTE(SUBSTITUTE(SUBSTITUTE(SUBSTITUTE(SUBSTITUTE(SUBSTITUTE(SUBSTITUTE($X25," ",""),"-",""),"(",""),")",""),".",""),"+","")&"/","/",REPT(" ",60)),60))) -> 97714153051 | AA25: =IF($Z25="","",IF(ISNUMBER(-$Z25),IF(LEFT($Z25,3)="977",MID($Z25,4,20),$Z25),IF(ISNUMBER(SEARCH("977",$Z25)),MID($Z25,SEARCH("977",$Z25)+3,20),$Z25))) -> 14153051 | AB25: =IF($AA25="","",IF(LEFT($AA25,1)="0",MID($AA25,2,20),$AA25)) -> 14153051 | AC25: =IF($AB25="","Not Available","+977"&$AB25) -> +97714153051 | AD25: =IF($AB25="","Not Available",IF(AND(LEN($AB25)=10,LEFT($AB25,1)="9"),"Mobile",IF(AND(LEN($AB25)>=8,LEN($AB25)<=9),IF(ISNUMBER(SEARCH("/",$X25)),"Landline (multiple lines)","Landline"),"Unrecognised"))) -> Landline | AE25: =IF($AB25="","Not Available",IF(AND(ISNUMBER(-$AB25),$AD25<>"Unrecognised"),"Valid","Check format")) -> Valid
A26: EVNP-0013 | B26: EVNP-0013-P1 | C26: Hariban, Sarlahi | D26: NEA | E26: Hariban, Sarlahi | F26: Hariban, Sarlahi | G26: {=IFERROR(INDEX(City_Lookup!$B$2:$B$297,MATCH(TRUE,ISNUMBER(SEARCH(City_Lookup!$A$2:$A$297,$F26&" "&$E26)),0)),"Not Available")} -> Sarlahi | H26: =IFERROR(INDEX(City_Lookup!$E$2:$E$66,MATCH($G26,City_Lookup!$D$2:$D$66,0)),"Not Available") -> Madhesh | I26: CCS2 | J26: DC | K26: 120.0 | M26: 120.0 | N26: plug_type='CCS2' | power_type='120Kw - DC, 22Kw - AC' | O26: 2 | P26: Not Available | Q26: https://www.google.com/maps/search/?api=1&query=Hariban%2C%20Sarlahi%2C%20Hariban%2C%20Sarlahi | R26: Listed | S26: Not Available | T26: chargingstationsnepal.com (workbook: EV_Station_Data.xlsx, brand/partner network compilation) | U26: NO | V26: YES | W26: 2026-09-03 | X26: +977-1-4153051 | Y26: Operator hotline (web, not station-specific) | Z26: =IF($X26="Not Available","",TRIM(LEFT(SUBSTITUTE(SUBSTITUTE(SUBSTITUTE(SUBSTITUTE(SUBSTITUTE(SUBSTITUTE(SUBSTITUTE($X26," ",""),"-",""),"(",""),")",""),".",""),"+","")&"/","/",REPT(" ",60)),60))) -> 97714153051 | AA26: =IF($Z26="","",IF(ISNUMBER(-$Z26),IF(LEFT($Z26,3)="977",MID($Z26,4,20),$Z26),IF(ISNUMBER(SEARCH("977",$Z26)),MID($Z26,SEARCH("977",$Z26)+3,20),$Z26))) -> 14153051 | AB26: =IF($AA26="","",IF(LEFT($AA26,1)="0",MID($AA26,2,20),$AA26)) -> 14153051 | AC26: =IF($AB26="","Not Available","+977"&$AB26) -> +97714153051 | AD26: =IF($AB26="","Not Available",IF(AND(LEN($AB26)=10,LEFT($AB26,1)="9"),"Mobile",IF(AND(LEN($AB26)>=8,LEN($AB26)<=9),IF(ISNUMBER(SEARCH("/",$X26)),"Landline (multiple lines)","Landline"),"Unrecognised"))) -> Landline | AE26: =IF($AB26="","Not Available",IF(AND(ISNUMBER(-$AB26),$AD26<>"Unrecognised"),"Valid","Check format")) -> Valid
A27: EVNP-0013 | B27: EVNP-0013-P2 | C27: Hariban, Sarlahi | D27: NEA | E27: Hariban, Sarlahi | F27: Hariban, Sarlahi | G27: {=IFERROR(INDEX(City_Lookup!$B$2:$B$297,MATCH(TRUE,ISNUMBER(SEARCH(City_Lookup!$A$2:$A$297,$F27&" "&$E27)),0)),"Not Available")} -> Sarlahi | H27: =IFERROR(INDEX(City_Lookup!$E$2:$E$66,MATCH($G27,City_Lookup!$D$2:$D$66,0)),"Not Available") -> Madhesh | I27: CCS2 | J27: AC | L27: 22.0 | M27: 22.0 | N27: plug_type='CCS2' | power_type='120Kw - DC, 22Kw - AC' | O27: 2 | P27: Not Available | Q27: https://www.google.com/maps/search/?api=1&query=Hariban%2C%20Sarlahi%2C%20Hariban%2C%20Sarlahi | R27: Listed | S27: Not Available | T27: chargingstationsnepal.com (workbook: EV_Station_Data.xlsx, brand/partner network compilation) | U27: NO | V27: YES | W27: 2026-09-03 | X27: +977-1-4153051 | Y27: Operator hotline (web, not station-specific) | Z27: =IF($X27="Not Available","",TRIM(LEFT(SUBSTITUTE(SUBSTITUTE(SUBSTITUTE(SUBSTITUTE(SUBSTITUTE(SUBSTITUTE(SUBSTITUTE($X27," ",""),"-",""),"(",""),")",""),".",""),"+","")&"/","/",REPT(" ",60)),60))) -> 97714153051 | AA27: =IF($Z27="","",IF(ISNUMBER(-$Z27),IF(LEFT($Z27,3)="977",MID($Z27,4,20),$Z27),IF(ISNUMBER(SEARCH("977",$Z27)),MID($Z27,SEARCH("977",$Z27)+3,20),$Z27))) -> 14153051 | AB27: =IF($AA27="","",IF(LEFT($AA27,1)="0",MID($AA27,2,20),$AA27)) -> 14153051 | AC27: =IF($AB27="","Not Available","+977"&$AB27) -> +97714153051 | AD27: =IF($AB27="","Not Available",IF(AND(LEN($AB27)=10,LEFT($AB27,1)="9"),"Mobile",IF(AND(LEN($AB27)>=8,LEN($AB27)<=9),IF(ISNUMBER(SEARCH("/",$X27)),"Landline (multiple lines)","Landline"),"Unrecognised"))) -> Landline | AE27: =IF($AB27="","Not Available",IF(AND(ISNUMBER(-$AB27),$AD27<>"Unrecognised"),"Valid","Check format")) -> Valid
A28: EVNP-0014 | B28: EVNP-0014-P1 | C28: Inaruwa Bus Park, Sunsari | D28: NEA | E28: Inaruwa Bus Park, Sunsari | F28: Inaruwa Bus Park, Sunsari | G28: {=IFERROR(INDEX(City_Lookup!$B$2:$B$297,MATCH(TRUE,ISNUMBER(SEARCH(City_Lookup!$A$2:$A$297,$F28&" "&$E28)),0)),"Not Available")} -> Sunsari | H28: =IFERROR(INDEX(City_Lookup!$E$2:$E$66,MATCH($G28,City_Lookup!$D$2:$D$66,0)),"Not Available") -> Koshi | I28: CCS2 | J28: DC | K28: 120.0 | M28: 120.0 | N28: plug_type='CCS2' | power_type='120Kw - DC, 22Kw - AC' | O28: 2 | P28: Not Available | Q28: https://www.google.com/maps/search/?api=1&query=Inaruwa%20Bus%20Park%2C%20Sunsari%2C%20Inaruwa%20Bus%20Park%2C%20Sunsari | R28: Listed | S28: Not Available | T28: chargingstationsnepal.com (workbook: EV_Station_Data.xlsx, brand/partner network compilation) | U28: NO | V28: YES | W28: 2026-09-03 | X28: +977-1-4153051 | Y28: Operator hotline (web, not station-specific) | Z28: =IF($X28="Not Available","",TRIM(LEFT(SUBSTITUTE(SUBSTITUTE(SUBSTITUTE(SUBSTITUTE(SUBSTITUTE(SUBSTITUTE(SUBSTITUTE($X28," ",""),"-",""),"(",""),")",""),".",""),"+","")&"/","/",REPT(" ",60)),60))) -> 97714153051 | AA28: =IF($Z28="","",IF(ISNUMBER(-$Z28),IF(LEFT($Z28,3)="977",MID($Z28,4,20),$Z28),IF(ISNUMBER(SEARCH("977",$Z28)),MID($Z28,SEARCH("977",$Z28)+3,20),$Z28))) -> 14153051 | AB28: =IF($AA28="","",IF(LEFT($AA28,1)="0",MID($AA28,2,20),$AA28)) -> 14153051 | AC28: =IF($AB28="","Not Available","+977"&$AB28) -> +97714153051 | AD28: =IF($AB28="","Not Available",IF(AND(LEN($AB28)=10,LEFT($AB28,1)="9"),"Mobile",IF(AND(LEN($AB28)>=8,LEN($AB28)<=9),IF(ISNUMBER(SEARCH("/",$X28)),"Landline (multiple lines)","Landline"),"Unrecognised"))) -> Landline | AE28: =IF($AB28="","Not Available",IF(AND(ISNUMBER(-$AB28),$AD28<>"Unrecognised"),"Valid","Check format")) -> Valid
A29: EVNP-0014 | B29: EVNP-0014-P2 | C29: Inaruwa Bus Park, Sunsari | D29: NEA | E29: Inaruwa Bus Park, Sunsari | F29: Inaruwa Bus Park, Sunsari | G29: {=IFERROR(INDEX(City_Lookup!$B$2:$B$297,MATCH(TRUE,ISNUMBER(SEARCH(City_Lookup!$A$2:$A$297,$F29&" "&$E29)),0)),"Not Available")} -> Sunsari | H29: =IFERROR(INDEX(City_Lookup!$E$2:$E$66,MATCH($G29,City_Lookup!$D$2:$D$66,0)),"Not Available") -> Koshi | I29: CCS2 | J29: AC | L29: 22.0 | M29: 22.0 | N29: plug_type='CCS2' | power_type='120Kw - DC, 22Kw - AC' | O29: 2 | P29: Not Available | Q29: https://www.google.com/maps/search/?api=1&query=Inaruwa%20Bus%20Park%2C%20Sunsari%2C%20Inaruwa%20Bus%20Park%2C%20Sunsari | R29: Listed | S29: Not Available | T29: chargingstationsnepal.com (workbook: EV_Station_Data.xlsx, brand/partner network compilation) | U29: NO | V29: YES | W29: 2026-09-03 | X29: +977-1-4153051 | Y29: Operator hotline (web, not station-specific) | Z29: =IF($X29="Not Available","",TRIM(LEFT(SUBSTITUTE(SUBSTITUTE(SUBSTITUTE(SUBSTITUTE(SUBSTITUTE(SUBSTITUTE(SUBSTITUTE($X29," ",""),"-",""),"(",""),")",""),".",""),"+","")&"/","/",REPT(" ",60)),60))) -> 97714153051 | AA29: =IF($Z29="","",IF(ISNUMBER(-$Z29),IF(LEFT($Z29,3)="977",MID($Z29,4,20),$Z29),IF(ISNUMBER(SEARCH("977",$Z29)),MID($Z29,SEARCH("977",$Z29)+3,20),$Z29))) -> 14153051 | AB29: =IF($AA29="","",IF(LEFT($AA29,1)="0",MID($AA29,2,20),$AA29)) -> 14153051 | AC29: =IF($AB29="","Not Available","+977"&$AB29) -> +97714153051 | AD29: =IF($AB29="","Not Available",IF(AND(LEN($AB29)=10,LEFT($AB29,1)="9"),"Mobile",IF(AND(LEN($AB29)>=8,LEN($AB29)<=9),IF(ISNUMBER(SEARCH("/",$X29)),"Landline (multiple lines)","Landline"),"Unrecognised"))) -> Landline | AE29: =IF($AB29="","Not Available",IF(AND(ISNUMBER(-$AB29),$AD29<>"Unrecognised"),"Valid","Check format")) -> Valid
A30: EVNP-0015 | B30: EVNP-0015-P1 | C30: Police Petrol Pump Lahan, Siraha | D30: NEA | E30: Police Petrol Pump Lahan, Siraha | F30: Police Petrol Pump Lahan, Siraha | G30: {=IFERROR(INDEX(City_Lookup!$B$2:$B$297,MATCH(TRUE,ISNUMBER(SEARCH(City_Lookup!$A$2:$A$297,$F30&" "&$E30)),0)),"Not Available")} -> Siraha | H30: =IFERROR(INDEX(City_Lookup!$E$2:$E$66,MATCH($G30,City_Lookup!$D$2:$D$66,0)),"Not Available") -> Madhesh | I30: CCS2 | J30: DC | K30: 120.0 | M30: 120.0 | N30: plug_type='CCS2' | power_type='120Kw - DC, 22Kw - AC' | O30: 2 | P30: Not Available | Q30: https://www.google.com/maps/search/?api=1&query=Police%20Petrol%20Pump%20Lahan%2C%20Siraha%2C%20Police%20Petrol%20Pump%20Lahan%2C%20Siraha | R30: Listed | S30: Not Available | T30: chargingstationsnepal.com (workbook: EV_Station_Data.xlsx, brand/partner network compilation) | U30: NO | V30: YES | W30: 2026-09-03 | X30: +977-1-4153051 | Y30: Operator hotline (web, not station-specific) | Z30: =IF($X30="Not Available","",TRIM(LEFT(SUBSTITUTE(SUBSTITUTE(SUBSTITUTE(SUBSTITUTE(SUBSTITUTE(SUBSTITUTE(SUBSTITUTE($X30," ",""),"-",""),"(",""),")",""),".",""),"+","")&"/","/",REPT(" ",60)),60))) -> 97714153051 | AA30: =IF($Z30="","",IF(ISNUMBER(-$Z30),IF(LEFT($Z30,3)="977",MID($Z30,4,20),$Z30),IF(ISNUMBER(SEARCH("977",$Z30)),MID($Z30,SEARCH("977",$Z30)+3,20),$Z30))) -> 14153051 | AB30: =IF($AA30="","",IF(LEFT($AA30,1)="0",MID($AA30,2,20),$AA30)) -> 14153051 | AC30: =IF($AB30="","Not Available","+977"&$AB30) -> +97714153051 | AD30: =IF($AB30="","Not Available",IF(AND(LEN($AB30)=10,LEFT($AB30,1)="9"),"Mobile",IF(AND(LEN($AB30)>=8,LEN($AB30)<=9),IF(ISNUMBER(SEARCH("/",$X30)),"Landline (multiple lines)","Landline"),"Unrecognised"))) -> Landline | AE30: =IF($AB30="","Not Available",IF(AND(ISNUMBER(-$AB30),$AD30<>"Unrecognised"),"Valid","Check format")) -> Valid
A31: EVNP-0015 | B31: EVNP-0015-P2 | C31: Police Petrol Pump Lahan, Siraha | D31: NEA | E31: Police Petrol Pump Lahan, Siraha | F31: Police Petrol Pump Lahan, Siraha | G31: {=IFERROR(INDEX(City_Lookup!$B$2:$B$297,MATCH(TRUE,ISNUMBER(SEARCH(City_Lookup!$A$2:$A$297,$F31&" "&$E31)),0)),"Not Available")} -> Siraha | H31: =IFERROR(INDEX(City_Lookup!$E$2:$E$66,MATCH($G31,City_Lookup!$D$2:$D$66,0)),"Not Available") -> Madhesh | I31: CCS2 | J31: AC | L31: 22.0 | M31: 22.0 | N31: plug_type='CCS2' | power_type='120Kw - DC, 22Kw - AC' | O31: 2 | P31: Not Available | Q31: https://www.google.com/maps/search/?api=1&query=Police%20Petrol%20Pump%20Lahan%2C%20Siraha%2C%20Police%20Petrol%20Pump%20Lahan%2C%20Siraha | R31: Listed | S31: Not Available | T31: chargingstationsnepal.com (workbook: EV_Station_Data.xlsx, brand/partner network compilation) | U31: NO | V31: YES | W31: 2026-09-03 | X31: +977-1-4153051 | Y31: Operator hotline (web, not station-specific) | Z31: =IF($X31="Not Available","",TRIM(LEFT(SUBSTITUTE(SUBSTITUTE(SUBSTITUTE(SUBSTITUTE(SUBSTITUTE(SUBSTITUTE(SUBSTITUTE($X31," ",""),"-",""),"(",""),")",""),".",""),"+","")&"/","/",REPT(" ",60)),60))) -> 97714153051 | AA31: =IF($Z31="","",IF(ISNUMBER(-$Z31),IF(LEFT($Z31,3)="977",MID($Z31,4,20),$Z31),IF(ISNUMBER(SEARCH("977",$Z31)),MID($Z31,SEARCH("977",$Z31)+3,20),$Z31))) -> 14153051 | AB31: =IF($AA31="","",IF(LEFT($AA31,1)="0",MID($AA31,2,20),$AA31)) -> 14153051 | AC31: =IF($AB31="","Not Available","+977"&$AB31) -> +97714153051 | AD31: =IF($AB31="","Not Available",IF(AND(LEN($AB31)=10,LEFT($AB31,1)="9"),"Mobile",IF(AND(LEN($AB31)>=8,LEN($AB31)<=9),IF(ISNUMBER(SEARCH("/",$X31)),"Landline (multiple lines)","Landline"),"Unrecognised"))) -> Landline | AE31: =IF($AB31="","Not Available",IF(AND(ISNUMBER(-$AB31),$AD31<>"Unrecognised"),"Valid","Check format")) -> Valid
A32: EVNP-0016 | B32: EVNP-0016-P1 | C32: Kalika Fuel Station, Kaski | D32: NEA | E32: Kalika Fuel Station, Kaski | F32: Kalika Fuel Station, Kaski | G32: {=IFERROR(INDEX(City_Lookup!$B$2:$B$297,MATCH(TRUE,ISNUMBER(SEARCH(City_Lookup!$A$2:$A$297,$F32&" "&$E32)),0)),"Not Available")} -> Kaski | H32: =IFERROR(INDEX(City_Lookup!$E$2:$E$66,MATCH($G32,City_Lookup!$D$2:$D$66,0)),"Not Available") -> Gandaki | I32: CCS2 | J32: DC | K32: 120.0 | M32: 120.0 | N32: plug_type='CCS2' | power_type='120Kw - DC, 22Kw - AC' | O32: 2 | P32: Not Available | Q32: https://www.google.com/maps/search/?api=1&query=Kalika%20Fuel%20Station%2C%20Kaski%2C%20Kalika%20Fuel%20Station%2C%20Kaski | R32: Listed | S32: Not Available | T32: chargingstationsnepal.com (workbook: EV_Station_Data.xlsx, brand/partner network compilation) | U32: NO | V32: YES | W32: 2026-09-03 | X32: +977-1-4153051 | Y32: Operator hotline (web, not station-specific) | Z32: =IF($X32="Not Available","",TRIM(LEFT(SUBSTITUTE(SUBSTITUTE(SUBSTITUTE(SUBSTITUTE(SUBSTITUTE(SUBSTITUTE(SUBSTITUTE($X32," ",""),"-",""),"(",""),")",""),".",""),"+","")&"/","/",REPT(" ",60)),60))) -> 97714153051 | AA32: =IF($Z32="","",IF(ISNUMBER(-$Z32),IF(LEFT($Z32,3)="977",MID($Z32,4,20),$Z32),IF(ISNUMBER(SEARCH("977",$Z32)),MID($Z32,SEARCH("977",$Z32)+3,20),$Z32))) -> 14153051 | AB32: =IF($AA32="","",IF(LEFT($AA32,1)="0",MID($AA32,2,20),$AA32)) -> 14153051 | AC32: =IF($AB32="","Not Available","+977"&$AB32) -> +97714153051 | AD32: =IF($AB32="","Not Available",IF(AND(LEN($AB32)=10,LEFT($AB32,1)="9"),"Mobile",IF(AND(LEN($AB32)>=8,LEN($AB32)<=9),IF(ISNUMBER(SEARCH("/",$X32)),"Landline (multiple lines)","Landline"),"Unrecognised"))) -> Landline | AE32: =IF($AB32="","Not Available",IF(AND(ISNUMBER(-$AB32),$AD32<>"Unrecognised"),"Valid","Check format")) -> Valid
A33: EVNP-0016 | B33: EVNP-0016-P2 | C33: Kalika Fuel Station, Kaski | D33: NEA | E33: Kalika Fuel Station, Kaski | F33: Kalika Fuel Station, Kaski | G33: {=IFERROR(INDEX(City_Lookup!$B$2:$B$297,MATCH(TRUE,ISNUMBER(SEARCH(City_Lookup!$A$2:$A$297,$F33&" "&$E33)),0)),"Not Available")} -> Kaski | H33: =IFERROR(INDEX(City_Lookup!$E$2:$E$66,MATCH($G33,City_Lookup!$D$2:$D$66,0)),"Not Available") -> Gandaki | I33: CCS2 | J33: AC | L33: 22.0 | M33: 22.0 | N33: plug_type='CCS2' | power_type='120Kw - DC, 22Kw - AC' | O33: 2 | P33: Not Available | Q33: https://www.google.com/maps/search/?api=1&query=Kalika%20Fuel%20Station%2C%20Kaski%2C%20Kalika%20Fuel%20Station%2C%20Kaski | R33: Listed | S33: Not Available | T33: chargingstationsnepal.com (workbook: EV_Station_Data.xlsx, brand/partner network compilation) | U33: NO | V33: YES | W33: 2026-09-03 | X33: +977-1-4153051 | Y33: Operator hotline (web, not station-specific) | Z33: =IF($X33="Not Available","",TRIM(LEFT(SUBSTITUTE(SUBSTITUTE(SUBSTITUTE(SUBSTITUTE(SUBSTITUTE(SUBSTITUTE(SUBSTITUTE($X33," ",""),"-",""),"(",""),")",""),".",""),"+","")&"/","/",REPT(" ",60)),60))) -> 97714153051 | AA33: =IF($Z33="","",IF(ISNUMBER(-$Z33),IF(LEFT($Z33,3)="977",MID($Z33,4,20),$Z33),IF(ISNUMBER(SEARCH("977",$Z33)),MID($Z33,SEARCH("977",$Z33)+3,20),$Z33))) -> 14153051 | AB33: =IF($AA33="","",IF(LEFT($AA33,1)="0",MID($AA33,2,20),$AA33)) -> 14153051 | AC33: =IF($AB33="","Not Available","+977"&$AB33) -> +97714153051 | AD33: =IF($AB33="","Not Available",IF(AND(LEN($AB33)=10,LEFT($AB33,1)="9"),"Mobile",IF(AND(LEN($AB33)>=8,LEN($AB33)<=9),IF(ISNUMBER(SEARCH("/",$X33)),"Landline (multiple lines)","Landline"),"Unrecognised"))) -> Landline | AE33: =IF($AB33="","Not Available",IF(AND(ISNUMBER(-$AB33),$AD33<>"Unrecognised"),"Valid","Check format")) -> Valid
A34: EVNP-0017 | B34: EVNP-0017-P1 | C34: Damak Bus Park, Jhapa | D34: NEA | E34: Damak Bus Park, Jhapa | F34: Damak Bus Park, Jhapa | G34: {=IFERROR(INDEX(City_Lookup!$B$2:$B$297,MATCH(TRUE,ISNUMBER(SEARCH(City_Lookup!$A$2:$A$297,$F34&" "&$E34)),0)),"Not Available")} -> Jhapa | H34: =IFERROR(INDEX(City_Lookup!$E$2:$E$66,MATCH($G34,City_Lookup!$D$2:$D$66,0)),"Not Available") -> Koshi | I34: CCS2 | J34: DC | K34: 120.0 | M34: 120.0 | N34: plug_type='CCS2' | power_type='120Kw - DC, 22Kw - AC' | O34: 2 | P34: Not Available | Q34: https://www.google.com/maps/search/?api=1&query=Damak%20Bus%20Park%2C%20Jhapa%2C%20Damak%20Bus%20Park%2C%20Jhapa | R34: Listed | S34: Not Available | T34: chargingstationsnepal.com (workbook: EV_Station_Data.xlsx, brand/partner network compilation) | U34: NO | V34: YES | W34: 2026-09-03 | X34: +977-1-4153051 | Y34: Operator hotline (web, not station-specific) | Z34: =IF($X34="Not Available","",TRIM(LEFT(SUBSTITUTE(SUBSTITUTE(SUBSTITUTE(SUBSTITUTE(SUBSTITUTE(SUBSTITUTE(SUBSTITUTE($X34," ",""),"-",""),"(",""),")",""),".",""),"+","")&"/","/",REPT(" ",60)),60))) -> 97714153051 | AA34: =IF($Z34="","",IF(ISNUMBER(-$Z34),IF(LEFT($Z34,3)="977",MID($Z34,4,20),$Z34),IF(ISNUMBER(SEARCH("977",$Z34)),MID($Z34,SEARCH("977",$Z34)+3,20),$Z34))) -> 14153051 | AB34: =IF($AA34="","",IF(LEFT($AA34,1)="0",MID($AA34,2,20),$AA34)) -> 14153051 | AC34: =IF($AB34="","Not Available","+977"&$AB34) -> +97714153051 | AD34: =IF($AB34="","Not Available",IF(AND(LEN($AB34)=10,LEFT($AB34,1)="9"),"Mobile",IF(AND(LEN($AB34)>=8,LEN($AB34)<=9),IF(ISNUMBER(SEARCH("/",$X34)),"Landline (multiple lines)","Landline"),"Unrecognised"))) -> Landline | AE34: =IF($AB34="","Not Available",IF(AND(ISNUMBER(-$AB34),$AD34<>"Unrecognised"),"Valid","Check format")) -> Valid
A35: EVNP-0017 | B35: EVNP-0017-P2 | C35: Damak Bus Park, Jhapa | D35: NEA | E35: Damak Bus Park, Jhapa | F35: Damak Bus Park, Jhapa | G35: {=IFERROR(INDEX(City_Lookup!$B$2:$B$297,MATCH(TRUE,ISNUMBER(SEARCH(City_Lookup!$A$2:$A$297,$F35&" "&$E35)),0)),"Not Available")} -> Jhapa | H35: =IFERROR(INDEX(City_Lookup!$E$2:$E$66,MATCH($G35,City_Lookup!$D$2:$D$66,0)),"Not Available") -> Koshi | I35: CCS2 | J35: AC | L35: 22.0 | M35: 22.0 | N35: plug_type='CCS2' | power_type='120Kw - DC, 22Kw - AC' | O35: 2 | P35: Not Available | Q35: https://www.google.com/maps/search/?api=1&query=Damak%20Bus%20Park%2C%20Jhapa%2C%20Damak%20Bus%20Park%2C%20Jhapa | R35: Listed | S35: Not Available | T35: chargingstationsnepal.com (workbook: EV_Station_Data.xlsx, brand/partner network compilation) | U35: NO | V35: YES | W35: 2026-09-03 | X35: +977-1-4153051 | Y35: Operator hotline (web, not station-specific) | Z35: =IF($X35="Not Available","",TRIM(LEFT(SUBSTITUTE(SUBSTITUTE(SUBSTITUTE(SUBSTITUTE(SUBSTITUTE(SUBSTITUTE(SUBSTITUTE($X35," ",""),"-",""),"(",""),")",""),".",""),"+","")&"/","/",REPT(" ",60)),60))) -> 97714153051 | AA35: =IF($Z35="","",IF(ISNUMBER(-$Z35),IF(LEFT($Z35,3)="977",MID($Z35,4,20),$Z35),IF(ISNUMBER(SEARCH("977",$Z35)),MID($Z35,SEARCH("977",$Z35)+3,20),$Z35))) -> 14153051 | AB35: =IF($AA35="","",IF(LEFT($AA35,1)="0",MID($AA35,2,20),$AA35)) -> 14153051 | AC35: =IF($AB35="","Not Available","+977"&$AB35) -> +97714153051 | AD35: =IF($AB35="","Not Available",IF(AND(LEN($AB35)=10,LEFT($AB35,1)="9"),"Mobile",IF(AND(LEN($AB35)>=8,LEN($AB35)<=9),IF(ISNUMBER(SEARCH("/",$X35)),"Landline (multiple lines)","Landline"),"Unrecognised"))) -> Landline | AE35: =IF($AB35="","Not Available",IF(AND(ISNUMBER(-$AB35),$AD35<>"Unrecognised"),"Valid","Check format")) -> Valid
A36: EVNP-0018 | B36: EVNP-0018-P1 | C36: Surkhet Bus Park | D36: NEA | E36: Surkhet Bus Park | F36: Surkhet Bus Park | G36: {=IFERROR(INDEX(City_Lookup!$B$2:$B$297,MATCH(TRUE,ISNUMBER(SEARCH(City_Lookup!$A$2:$A$297,$F36&" "&$E36)),0)),"Not Available")} -> Surkhet | H36: =IFERROR(INDEX(City_Lookup!$E$2:$E$66,MATCH($G36,City_Lookup!$D$2:$D$66,0)),"Not Available") -> Karnali | I36: CCS2 | J36: DC | K36: 120.0 | M36: 120.0 | N36: plug_type='CCS2' | power_type='120Kw - DC, 22Kw - AC' | O36: 2 | P36: Not Available | Q36: https://www.google.com/maps/search/?api=1&query=Surkhet%20Bus%20Park%2C%20Surkhet%20Bus%20Park | R36: Listed | S36: Not Available | T36: chargingstationsnepal.com (workbook: EV_Station_Data.xlsx, brand/partner network compilation) | U36: NO | V36: YES | W36: 2026-09-03 | X36: +977-1-4153051 | Y36: Operator hotline (web, not station-specific) | Z36: =IF($X36="Not Available","",TRIM(LEFT(SUBSTITUTE(SUBSTITUTE(SUBSTITUTE(SUBSTITUTE(SUBSTITUTE(SUBSTITUTE(SUBSTITUTE($X36," ",""),"-",""),"(",""),")",""),".",""),"+","")&"/","/",REPT(" ",60)),60))) -> 97714153051 | AA36: =IF($Z36="","",IF(ISNUMBER(-$Z36),IF(LEFT($Z36,3)="977",MID($Z36,4,20),$Z36),IF(ISNUMBER(SEARCH("977",$Z36)),MID($Z36,SEARCH("977",$Z36)+3,20),$Z36))) -> 14153051 | AB36: =IF($AA36="","",IF(LEFT($AA36,1)="0",MID($AA36,2,20),$AA36)) -> 14153051 | AC36: =IF($AB36="","Not Available","+977"&$AB36) -> +97714153051 | AD36: =IF($AB36="","Not Available",IF(AND(LEN($AB36)=10,LEFT($AB36,1)="9"),"Mobile",IF(AND(LEN($AB36)>=8,LEN($AB36)<=9),IF(ISNUMBER(SEARCH("/",$X36)),"Landline (multiple lines)","Landline"),"Unrecognised"))) -> Landline | AE36: =IF($AB36="","Not Available",IF(AND(ISNUMBER(-$AB36),$AD36<>"Unrecognised"),"Valid","Check format")) -> Valid
A37: EVNP-0018 | B37: EVNP-0018-P2 | C37: Surkhet Bus Park | D37: NEA | E37: Surkhet Bus Park | F37: Surkhet Bus Park | G37: {=IFERROR(INDEX(City_Lookup!$B$2:$B$297,MATCH(TRUE,ISNUMBER(SEARCH(City_Lookup!$A$2:$A$297,$F37&" "&$E37)),0)),"Not Available")} -> Surkhet | H37: =IFERROR(INDEX(City_Lookup!$E$2:$E$66,MATCH($G37,City_Lookup!$D$2:$D$66,0)),"Not Available") -> Karnali | I37: CCS2 | J37: AC | L37: 22.0 | M37: 22.0 | N37: plug_type='CCS2' | power_type='120Kw - DC, 22Kw - AC' | O37: 2 | P37: Not Available | Q37: https://www.google.com/maps/search/?api=1&query=Surkhet%20Bus%20Park%2C%20Surkhet%20Bus%20Park | R37: Listed | S37: Not Available | T37: chargingstationsnepal.com (workbook: EV_Station_Data.xlsx, brand/partner network compilation) | U37: NO | V37: YES | W37: 2026-09-03 | X37: +977-1-4153051 | Y37: Operator hotline (web, not station-specific) | Z37: =IF($X37="Not Available","",TRIM(LEFT(SUBSTITUTE(SUBSTITUTE(SUBSTITUTE(SUBSTITUTE(SUBSTITUTE(SUBSTITUTE(SUBSTITUTE($X37," ",""),"-",""),"(",""),")",""),".",""),"+","")&"/","/",REPT(" ",60)),60))) -> 97714153051 | AA37: =IF($Z37="","",IF(ISNUMBER(-$Z37),IF(LEFT($Z37,3)="977",MID($Z37,4,20),$Z37),IF(ISNUMBER(SEARCH("977",$Z37)),MID($Z37,SEARCH("977",$Z37)+3,20),$Z37))) -> 14153051 | AB37: =IF($AA37="","",IF(LEFT($AA37,1)="0",MID($AA37,2,20),$AA37)) -> 14153051 | AC37: =IF($AB37="","Not Available","+977"&$AB37) -> +97714153051 | AD37: =IF($AB37="","Not Available",IF(AND(LEN($AB37)=10,LEFT($AB37,1)="9"),"Mobile",IF(AND(LEN($AB37)>=8,LEN($AB37)<=9),IF(ISNUMBER(SEARCH("/",$X37)),"Landline (multiple lines)","Landline"),"Unrecognised"))) -> Landline | AE37: =IF($AB37="","Not Available",IF(AND(ISNUMBER(-$AB37),$AD37<>"Unrecognised"),"Valid","Check format")) -> Valid
A38: EVNP-0019 | B38: EVNP-0019-P1 | C38: Hetauda, Ratamate, Makwanpur | D38: NEA | E38: Hetauda, Ratamate, Makwanpur | F38: Hetauda, Ratamate, Makwanpur | G38: {=IFERROR(INDEX(City_Lookup!$B$2:$B$297,MATCH(TRUE,ISNUMBER(SEARCH(City_Lookup!$A$2:$A$297,$F38&" "&$E38)),0)),"Not Available")} -> Makwanpur | H38: =IFERROR(INDEX(City_Lookup!$E$2:$E$66,MATCH($G38,City_Lookup!$D$2:$D$66,0)),"Not Available") -> Bagmati | I38: CCS2 | J38: DC | K38: 120.0 | M38: 120.0 | N38: plug_type='CCS2' | power_type='120Kw - DC, 22Kw - AC' | O38: 2 | P38: Not Available | Q38: https://www.google.com/maps/search/?api=1&query=Hetauda%2C%20Ratamate%2C%20Makwanpur%2C%20Hetauda%2C%20Ratamate%2C%20Makwanpur | R38: Listed | S38: Not Available | T38: chargingstationsnepal.com (workbook: EV_Station_Data.xlsx, brand/partner network compilation) | U38: NO | V38: YES | W38: 2026-09-03 | X38: +977-1-4153051 | Y38: Operator hotline (web, not station-specific) | Z38: =IF($X38="Not Available","",TRIM(LEFT(SUBSTITUTE(SUBSTITUTE(SUBSTITUTE(SUBSTITUTE(SUBSTITUTE(SUBSTITUTE(SUBSTITUTE($X38," ",""),"-",""),"(",""),")",""),".",""),"+","")&"/","/",REPT(" ",60)),60))) -> 97714153051 | AA38: =IF($Z38="","",IF(ISNUMBER(-$Z38),IF(LEFT($Z38,3)="977",MID($Z38,4,20),$Z38),IF(ISNUMBER(SEARCH("977",$Z38)),MID($Z38,SEARCH("977",$Z38)+3,20),$Z38))) -> 14153051 | AB38: =IF($AA38="","",IF(LEFT($AA38,1)="0",MID($AA38,2,20),$AA38)) -> 14153051 | AC38: =IF($AB38="","Not Available","+977"&$AB38) -> +97714153051 | AD38: =IF($AB38="","Not Available",IF(AND(LEN($AB38)=10,LEFT($AB38,1)="9"),"Mobile",IF(AND(LEN($AB38)>=8,LEN($AB38)<=9),IF(ISNUMBER(SEARCH("/",$X38)),"Landline (multiple lines)","Landline"),"Unrecognised"))) -> Landline | AE38: =IF($AB38="","Not Available",IF(AND(ISNUMBER(-$AB38),$AD38<>"Unrecognised"),"Valid","Check format")) -> Valid
A39: EVNP-0019 | B39: EVNP-0019-P2 | C39: Hetauda, Ratamate, Makwanpur | D39: NEA | E39: Hetauda, Ratamate, Makwanpur | F39: Hetauda, Ratamate, Makwanpur | G39: {=IFERROR(INDEX(City_Lookup!$B$2:$B$297,MATCH(TRUE,ISNUMBER(SEARCH(City_Lookup!$A$2:$A$297,$F39&" "&$E39)),0)),"Not Available")} -> Makwanpur | H39: =IFERROR(INDEX(City_Lookup!$E$2:$E$66,MATCH($G39,City_Lookup!$D$2:$D$66,0)),"Not Available") -> Bagmati | I39: CCS2 | J39: AC | L39: 22.0 | M39: 22.0 | N39: plug_type='CCS2' | power_type='120Kw - DC, 22Kw - AC' | O39: 2 | P39: Not Available | Q39: https://www.google.com/maps/search/?api=1&query=Hetauda%2C%20Ratamate%2C%20Makwanpur%2C%20Hetauda%2C%20Ratamate%2C%20Makwanpur | R39: Listed | S39: Not Available | T39: chargingstationsnepal.com (workbook: EV_Station_Data.xlsx, brand/partner network compilation) | U39: NO | V39: YES | W39: 2026-09-03 | X39: +977-1-4153051 | Y39: Operator hotline (web, not station-specific) | Z39: =IF($X39="Not Available","",TRIM(LEFT(SUBSTITUTE(SUBSTITUTE(SUBSTITUTE(SUBSTITUTE(SUBSTITUTE(SUBSTITUTE(SUBSTITUTE($X39," ",""),"-",""),"(",""),")",""),".",""),"+","")&"/","/",REPT(" ",60)),60))) -> 97714153051 | AA39: =IF($Z39="","",IF(ISNUMBER(-$Z39),IF(LEFT($Z39,3)="977",MID($Z39,4,20),$Z39),IF(ISNUMBER(SEARCH("977",$Z39)),MID($Z39,SEARCH("977",$Z39)+3,20),$Z39))) -> 14153051 | AB39: =IF($AA39="","",IF(LEFT($AA39,1)="0",MID($AA39,2,20),$AA39)) -> 14153051 | AC39: =IF($AB39="","Not Available","+977"&$AB39) -> +97714153051 | AD39: =IF($AB39="","Not Available",IF(AND(LEN($AB39)=10,LEFT($AB39,1)="9"),"Mobile",IF(AND(LEN($AB39)>=8,LEN($AB39)<=9),IF(ISNUMBER(SEARCH("/",$X39)),"Landline (multiple lines)","Landline"),"Unrecognised"))) -> Landline | AE39: =IF($AB39="","Not Available",IF(AND(ISNUMBER(-$AB39),$AD39<>"Unrecognised"),"Valid","Check format")) -> Valid
A40: EVNP-0020 | B40: EVNP-0020-P1 | C40: Begnas Lake, Pokhara | D40: NEA | E40: Begnas Lake, Pokhara | F40: Begnas Lake, Pokhara | G40: {=IFERROR(INDEX(City_Lookup!$B$2:$B$297,MATCH(TRUE,ISNUMBER(SEARCH(City_Lookup!$A$2:$A$297,$F40&" "&$E40)),0)),"Not Available")} -> Kaski | H40: =IFERROR(INDEX(City_Lookup!$E$2:$E$66,MATCH($G40,City_Lookup!$D$2:$D$66,0)),"Not Available") -> Gandaki | I40: CCS2 | J40: DC | K40: 120.0 | M40: 120.0 | N40: plug_type='CCS2' | power_type='120Kw - DC, 22Kw - AC' | O40: 2 | P40: Not Available | Q40: https://www.google.com/maps/search/?api=1&query=Begnas%20Lake%2C%20Pokhara%2C%20Begnas%20Lake%2C%20Pokhara | R40: Listed | S40: Not Available | T40: chargingstationsnepal.com (workbook: EV_Station_Data.xlsx, brand/partner network compilation) | U40: NO | V40: YES | W40: 2026-09-03 | X40: +977-1-4153051 | Y40: Operator hotline (web, not station-specific) | Z40: =IF($X40="Not Available","",TRIM(LEFT(SUBSTITUTE(SUBSTITUTE(SUBSTITUTE(SUBSTITUTE(SUBSTITUTE(SUBSTITUTE(SUBSTITUTE($X40," ",""),"-",""),"(",""),")",""),".",""),"+","")&"/","/",REPT(" ",60)),60))) -> 97714153051 | AA40: =IF($Z40="","",IF(ISNUMBER(-$Z40),IF(LEFT($Z40,3)="977",MID($Z40,4,20),$Z40),IF(ISNUMBER(SEARCH("977",$Z40)),MID($Z40,SEARCH("977",$Z40)+3,20),$Z40))) -> 14153051 | AB40: =IF($AA40="","",IF(LEFT($AA40,1)="0",MID($AA40,2,20),$AA40)) -> 14153051 | AC40: =IF($AB40="","Not Available","+977"&$AB40) -> +97714153051 | AD40: =IF($AB40="","Not Available",IF(AND(LEN($AB40)=10,LEFT($AB40,1)="9"),"Mobile",IF(AND(LEN($AB40)>=8,LEN($AB40)<=9),IF(ISNUMBER(SEARCH("/",$X40)),"Landline (multiple lines)","Landline"),"Unrecognised"))) -> Landline | AE40: =IF($AB40="","Not Available",IF(AND(ISNUMBER(-$AB40),$AD40<>"Unrecognised"),"Valid","Check format")) -> Valid
A41: EVNP-0020 | B41: EVNP-0020-P2 | C41: Begnas Lake, Pokhara | D41: NEA | E41: Begnas Lake, Pokhara | F41: Begnas Lake, Pokhara | G41: {=IFERROR(INDEX(City_Lookup!$B$2:$B$297,MATCH(TRUE,ISNUMBER(SEARCH(City_Lookup!$A$2:$A$297,$F41&" "&$E41)),0)),"Not Available")} -> Kaski | H41: =IFERROR(INDEX(City_Lookup!$E$2:$E$66,MATCH($G41,City_Lookup!$D$2:$D$66,0)),"Not Available") -> Gandaki | I41: CCS2 | J41: AC | L41: 22.0 | M41: 22.0 | N41: plug_type='CCS2' | power_type='120Kw - DC, 22Kw - AC' | O41: 2 | P41: Not Available | Q41: https://www.google.com/maps/search/?api=1&query=Begnas%20Lake%2C%20Pokhara%2C%20Begnas%20Lake%2C%20Pokhara | R41: Listed | S41: Not Available | T41: chargingstationsnepal.com (workbook: EV_Station_Data.xlsx, brand/partner network compilation) | U41: NO | V41: YES | W41: 2026-09-03 | X41: +977-1-4153051 | Y41: Operator hotline (web, not station-specific) | Z41: =IF($X41="Not Available","",TRIM(LEFT(SUBSTITUTE(SUBSTITUTE(SUBSTITUTE(SUBSTITUTE(SUBSTITUTE(SUBSTITUTE(SUBSTITUTE($X41," ",""),"-",""),"(",""),")",""),".",""),"+","")&"/","/",REPT(" ",60)),60))) -> 97714153051 | AA41: =IF($Z41="","",IF(ISNUMBER(-$Z41),IF(LEFT($Z41,3)="977",MID($Z41,4,20),$Z41),IF(ISNUMBER(SEARCH("977",$Z41)),MID($Z41,SEARCH("977",$Z41)+3,20),$Z41))) -> 14153051 | AB41: =IF($AA41="","",IF(LEFT($AA41,1)="0",MID($AA41,2,20),$AA41)) -> 14153051 | AC41: =IF($AB41="","Not Available","+977"&$AB41) -> +97714153051 | AD41: =IF($AB41="","Not Available",IF(AND(LEN($AB41)=10,LEFT($AB41,1)="9"),"Mobile",IF(AND(LEN($AB41)>=8,LEN($AB41)<=9),IF(ISNUMBER(SEARCH("/",$X41)),"Landline (multiple lines)","Landline"),"Unrecognised"))) -> Landline | AE41: =IF($AB41="","Not Available",IF(AND(ISNUMBER(-$AB41),$AD41<>"Unrecognised"),"Valid","Check format")) -> Valid
A42: EVNP-0021 | B42: EVNP-0021-P1 | C42: Butwal Bus Park, Rupandehi | D42: NEA | E42: Butwal Bus Park, Rupandehi | F42: Butwal Bus Park, Rupandehi | G42: {=IFERROR(INDEX(City_Lookup!$B$2:$B$297,MATCH(TRUE,ISNUMBER(SEARCH(City_Lookup!$A$2:$A$297,$F42&" "&$E42)),0)),"Not Available")} -> Rupandehi | H42: =IFERROR(INDEX(City_Lookup!$E$2:$E$66,MATCH($G42,City_Lookup!$D$2:$D$66,0)),"Not Available") -> Lumbini | I42: CCS2 | J42: DC | K42: 120.0 | M42: 120.0 | N42: plug_type='CCS2' | power_type='120Kw - DC, 22Kw - AC' | O42: 2 | P42: Not Available | Q42: https://www.google.com/maps/search/?api=1&query=Butwal%20Bus%20Park%2C%20Rupandehi%2C%20Butwal%20Bus%20Park%2C%20Rupandehi | R42: Listed | S42: Not Available | T42: chargingstationsnepal.com (workbook: EV_Station_Data.xlsx, brand/partner network compilation) | U42: NO | V42: YES | W42: 2026-09-03 | X42: +977-1-4153051 | Y42: Operator hotline (web, not station-specific) | Z42: =IF($X42="Not Available","",TRIM(LEFT(SUBSTITUTE(SUBSTITUTE(SUBSTITUTE(SUBSTITUTE(SUBSTITUTE(SUBSTITUTE(SUBSTITUTE($X42," ",""),"-",""),"(",""),")",""),".",""),"+","")&"/","/",REPT(" ",60)),60))) -> 97714153051 | AA42: =IF($Z42="","",IF(ISNUMBER(-$Z42),IF(LEFT($Z42,3)="977",MID($Z42,4,20),$Z42),IF(ISNUMBER(SEARCH("977",$Z42)),MID($Z42,SEARCH("977",$Z42)+3,20),$Z42))) -> 14153051 | AB42: =IF($AA42="","",IF(LEFT($AA42,1)="0",MID($AA42,2,20),$AA42)) -> 14153051 | AC42: =IF($AB42="","Not Available","+977"&$AB42) -> +97714153051 | AD42: =IF($AB42="","Not Available",IF(AND(LEN($AB42)=10,LEFT($AB42,1)="9"),"Mobile",IF(AND(LEN($AB42)>=8,LEN($AB42)<=9),IF(ISNUMBER(SEARCH("/",$X42)),"Landline (multiple lines)","Landline"),"Unrecognised"))) -> Landline | AE42: =IF($AB42="","Not Available",IF(AND(ISNUMBER(-$AB42),$AD42<>"Unrecognised"),"Valid","Check format")) -> Valid
A43: EVNP-0021 | B43: EVNP-0021-P2 | C43: Butwal Bus Park, Rupandehi | D43: NEA | E43: Butwal Bus Park, Rupandehi | F43: Butwal Bus Park, Rupandehi | G43: {=IFERROR(INDEX(City_Lookup!$B$2:$B$297,MATCH(TRUE,ISNUMBER(SEARCH(City_Lookup!$A$2:$A$297,$F43&" "&$E43)),0)),"Not Available")} -> Rupandehi | H43: =IFERROR(INDEX(City_Lookup!$E$2:$E$66,MATCH($G43,City_Lookup!$D$2:$D$66,0)),"Not Available") -> Lumbini | I43: CCS2 | J43: AC | L43: 22.0 | M43: 22.0 | N43: plug_type='CCS2' | power_type='120Kw - DC, 22Kw - AC' | O43: 2 | P43: Not Available | Q43: https://www.google.com/maps/search/?api=1&query=Butwal%20Bus%20Park%2C%20Rupandehi%2C%20Butwal%20Bus%20Park%2C%20Rupandehi | R43: Listed | S43: Not Available | T43: chargingstationsnepal.com (workbook: EV_Station_Data.xlsx, brand/partner network compilation) | U43: NO | V43: YES | W43: 2026-09-03 | X43: +977-1-4153051 | Y43: Operator hotline (web, not station-specific) | Z43: =IF($X43="Not Available","",TRIM(LEFT(SUBSTITUTE(SUBSTITUTE(SUBSTITUTE(SUBSTITUTE(SUBSTITUTE(SUBSTITUTE(SUBSTITUTE($X43," ",""),"-",""),"(",""),")",""),".",""),"+","")&"/","/",REPT(" ",60)),60))) -> 97714153051 | AA43: =IF($Z43="","",IF(ISNUMBER(-$Z43),IF(LEFT($Z43,3)="977",MID($Z43,4,20),$Z43),IF(ISNUMBER(SEARCH("977",$Z43)),MID($Z43,SEARCH("977",$Z43)+3,20),$Z43))) -> 14153051 | AB43: =IF($AA43="","",IF(LEFT($AA43,1)="0",MID($AA43,2,20),$AA43)) -> 14153051 | AC43: =IF($AB43="","Not Available","+977"&$AB43) -> +97714153051 | AD43: =IF($AB43="","Not Available",IF(AND(LEN($AB43)=10,LEFT($AB43,1)="9"),"Mobile",IF(AND(LEN($AB43)>=8,LEN($AB43)<=9),IF(ISNUMBER(SEARCH("/",$X43)),"Landline (multiple lines)","Landline"),"Unrecognised"))) -> Landline | AE43: =IF($AB43="","Not Available",IF(AND(ISNUMBER(-$AB43),$AD43<>"Unrecognised"),"Valid","Check format")) -> Valid
A44: EVNP-0022 | B44: EVNP-0022-P1 | C44: Itahari, Sunsari | D44: NEA | E44: Itahari, Sunsari | F44: Itahari, Sunsari | G44: {=IFERROR(INDEX(City_Lookup!$B$2:$B$297,MATCH(TRUE,ISNUMBER(SEARCH(City_Lookup!$A$2:$A$297,$F44&" "&$E44)),0)),"Not Available")} -> Sunsari | H44: =IFERROR(INDEX(City_Lookup!$E$2:$E$66,MATCH($G44,City_Lookup!$D$2:$D$66,0)),"Not Available") -> Koshi | I44: CCS2 | J44: DC | K44: 120.0 | M44: 120.0 | N44: plug_type='CCS2' | power_type='120Kw - DC, 22Kw - AC' | O44: 2 | P44: Not Available | Q44: https://www.google.com/maps/search/?api=1&query=Itahari%2C%20Sunsari%2C%20Itahari%2C%20Sunsari | R44: Listed | S44: Not Available | T44: chargingstationsnepal.com (workbook: EV_Station_Data.xlsx, brand/partner network compilation) | U44: NO | V44: YES | W44: 2026-09-03 | X44: +977-1-4153051 | Y44: Operator hotline (web, not station-specific) | Z44: =IF($X44="Not Available","",TRIM(LEFT(SUBSTITUTE(SUBSTITUTE(SUBSTITUTE(SUBSTITUTE(SUBSTITUTE(SUBSTITUTE(SUBSTITUTE($X44," ",""),"-",""),"(",""),")",""),".",""),"+","")&"/","/",REPT(" ",60)),60))) -> 97714153051 | AA44: =IF($Z44="","",IF(ISNUMBER(-$Z44),IF(LEFT($Z44,3)="977",MID($Z44,4,20),$Z44),IF(ISNUMBER(SEARCH("977",$Z44)),MID($Z44,SEARCH("977",$Z44)+3,20),$Z44))) -> 14153051 | AB44: =IF($AA44="","",IF(LEFT($AA44,1)="0",MID($AA44,2,20),$AA44)) -> 14153051 | AC44: =IF($AB44="","Not Available","+977"&$AB44) -> +97714153051 | AD44: =IF($AB44="","Not Available",IF(AND(LEN($AB44)=10,LEFT($AB44,1)="9"),"Mobile",IF(AND(LEN($AB44)>=8,LEN($AB44)<=9),IF(ISNUMBER(SEARCH("/",$X44)),"Landline (multiple lines)","Landline"),"Unrecognised"))) -> Landline | AE44: =IF($AB44="","Not Available",IF(AND(ISNUMBER(-$AB44),$AD44<>"Unrecognised"),"Valid","Check format")) -> Valid
A45: EVNP-0022 | B45: EVNP-0022-P2 | C45: Itahari, Sunsari | D45: NEA | E45: Itahari, Sunsari | F45: Itahari, Sunsari | G45: {=IFERROR(INDEX(City_Lookup!$B$2:$B$297,MATCH(TRUE,ISNUMBER(SEARCH(City_Lookup!$A$2:$A$297,$F45&" "&$E45)),0)),"Not Available")} -> Sunsari | H45: =IFERROR(INDEX(City_Lookup!$E$2:$E$66,MATCH($G45,City_Lookup!$D$2:$D$66,0)),"Not Available") -> Koshi | I45: CCS2 | J45: AC | L45: 22.0 | M45: 22.0 | N45: plug_type='CCS2' | power_type='120Kw - DC, 22Kw - AC' | O45: 2 | P45: Not Available | Q45: https://www.google.com/maps/search/?api=1&query=Itahari%2C%20Sunsari%2C%20Itahari%2C%20Sunsari | R45: Listed | S45: Not Available | T45: chargingstationsnepal.com (workbook: EV_Station_Data.xlsx, brand/partner network compilation) | U45: NO | V45: YES | W45: 2026-09-03 | X45: +977-1-4153051 | Y45: Operator hotline (web, not station-specific) | Z45: =IF($X45="Not Available","",TRIM(LEFT(SUBSTITUTE(SUBSTITUTE(SUBSTITUTE(SUBSTITUTE(SUBSTITUTE(SUBSTITUTE(SUBSTITUTE($X45," ",""),"-",""),"(",""),")",""),".",""),"+","")&"/","/",REPT(" ",60)),60))) -> 97714153051 | AA45: =IF($Z45="","",IF(ISNUMBER(-$Z45),IF(LEFT($Z45,3)="977",MID($Z45,4,20),$Z45),IF(ISNUMBER(SEARCH("977",$Z45)),MID($Z45,SEARCH("977",$Z45)+3,20),$Z45))) -> 14153051 | AB45: =IF($AA45="","",IF(LEFT($AA45,1)="0",MID($AA45,2,20),$AA45)) -> 14153051 | AC45: =IF($AB45="","Not Available","+977"&$AB45) -> +97714153051 | AD45: =IF($AB45="","Not Available",IF(AND(LEN($AB45)=10,LEFT($AB45,1)="9"),"Mobile",IF(AND(LEN($AB45)>=8,LEN($AB45)<=9),IF(ISNUMBER(SEARCH("/",$X45)),"Landline (multiple lines)","Landline"),"Unrecognised"))) -> Landline | AE45: =IF($AB45="","Not Available",IF(AND(ISNUMBER(-$AB45),$AD45<>"Unrecognised"),"Valid","Check format")) -> Valid
A46: EVNP-0023 | B46: EVNP-0023-P1 | C46: Biratnagar, Morang | D46: NEA | E46: Biratnagar, Morang | F46: Biratnagar, Morang | G46: {=IFERROR(INDEX(City_Lookup!$B$2:$B$297,MATCH(TRUE,ISNUMBER(SEARCH(City_Lookup!$A$2:$A$297,$F46&" "&$E46)),0)),"Not Available")} -> Morang | H46: =IFERROR(INDEX(City_Lookup!$E$2:$E$66,MATCH($G46,City_Lookup!$D$2:$D$66,0)),"Not Available") -> Koshi | I46: CCS2 | J46: DC | K46: 120.0 | M46: 120.0 | N46: plug_type='CCS2' | power_type='120Kw - DC, 22Kw - AC' | O46: 2 | P46: Not Available | Q46: https://www.google.com/maps/search/?api=1&query=Biratnagar%2C%20Morang%2C%20Biratnagar%2C%20Morang | R46: Listed | S46: Not Available | T46: chargingstationsnepal.com (workbook: EV_Station_Data.xlsx, brand/partner network compilation) | U46: NO | V46: YES | W46: 2026-09-03 | X46: +977-1-4153051 | Y46: Operator hotline (web, not station-specific) | Z46: =IF($X46="Not Available","",TRIM(LEFT(SUBSTITUTE(SUBSTITUTE(SUBSTITUTE(SUBSTITUTE(SUBSTITUTE(SUBSTITUTE(SUBSTITUTE($X46," ",""),"-",""),"(",""),")",""),".",""),"+","")&"/","/",REPT(" ",60)),60))) -> 97714153051 | AA46: =IF($Z46="","",IF(ISNUMBER(-$Z46),IF(LEFT($Z46,3)="977",MID($Z46,4,20),$Z46),IF(ISNUMBER(SEARCH("977",$Z46)),MID($Z46,SEARCH("977",$Z46)+3,20),$Z46))) -> 14153051 | AB46: =IF($AA46="","",IF(LEFT($AA46,1)="0",MID($AA46,2,20),$AA46)) -> 14153051 | AC46: =IF($AB46="","Not Available","+977"&$AB46) -> +97714153051 | AD46: =IF($AB46="","Not Available",IF(AND(LEN($AB46)=10,LEFT($AB46,1)="9"),"Mobile",IF(AND(LEN($AB46)>=8,LEN($AB46)<=9),IF(ISNUMBER(SEARCH("/",$X46)),"Landline (multiple lines)","Landline"),"Unrecognised"))) -> Landline | AE46: =IF($AB46="","Not Available",IF(AND(ISNUMBER(-$AB46),$AD46<>"Unrecognised"),"Valid","Check format")) -> Valid
A47: EVNP-0023 | B47: EVNP-0023-P2 | C47: Biratnagar, Morang | D47: NEA | E47: Biratnagar, Morang | F47: Biratnagar, Morang | G47: {=IFERROR(INDEX(City_Lookup!$B$2:$B$297,MATCH(TRUE,ISNUMBER(SEARCH(City_Lookup!$A$2:$A$297,$F47&" "&$E47)),0)),"Not Available")} -> Morang | H47: =IFERROR(INDEX(City_Lookup!$E$2:$E$66,MATCH($G47,City_Lookup!$D$2:$D$66,0)),"Not Available") -> Koshi | I47: CCS2 | J47: AC | L47: 22.0 | M47: 22.0 | N47: plug_type='CCS2' | power_type='120Kw - DC, 22Kw - AC' | O47: 2 | P47: Not Available | Q47: https://www.google.com/maps/search/?api=1&query=Biratnagar%2C%20Morang%2C%20Biratnagar%2C%20Morang | R47: Listed | S47: Not Available | T47: chargingstationsnepal.com (workbook: EV_Station_Data.xlsx, brand/partner network compilation) | U47: NO | V47: YES | W47: 2026-09-03 | X47: +977-1-4153051 | Y47: Operator hotline (web, not station-specific) | Z47: =IF($X47="Not Available","",TRIM(LEFT(SUBSTITUTE(SUBSTITUTE(SUBSTITUTE(SUBSTITUTE(SUBSTITUTE(SUBSTITUTE(SUBSTITUTE($X47," ",""),"-",""),"(",""),")",""),".",""),"+","")&"/","/",REPT(" ",60)),60))) -> 97714153051 | AA47: =IF($Z47="","",IF(ISNUMBER(-$Z47),IF(LEFT($Z47,3)="977",MID($Z47,4,20),$Z47),IF(ISNUMBER(SEARCH("977",$Z47)),MID($Z47,SEARCH("977",$Z47)+3,20),$Z47))) -> 14153051 | AB47: =IF($AA47="","",IF(LEFT($AA47,1)="0",MID($AA47,2,20),$AA47)) -> 14153051 | AC47: =IF($AB47="","Not Available","+977"&$AB47) -> +97714153051 | AD47: =IF($AB47="","Not Available",IF(AND(LEN($AB47)=10,LEFT($AB47,1)="9"),"Mobile",IF(AND(LEN($AB47)>=8,LEN($AB47)<=9),IF(ISNUMBER(SEARCH("/",$X47)),"Landline (multiple lines)","Landline"),"Unrecognised"))) -> Landline | AE47: =IF($AB47="","Not Available",IF(AND(ISNUMBER(-$AB47),$AD47<>"Unrecognised"),"Valid","Check format")) -> Valid
A48: EVNP-0024 | B48: EVNP-0024-P1 | C48: Kohalpur, Naya Bus Park, Banke | D48: NEA | E48: Kohalpur, Naya Bus Park, Banke | F48: Kohalpur, Naya Bus Park, Banke | G48: {=IFERROR(INDEX(City_Lookup!$B$2:$B$297,MATCH(TRUE,ISNUMBER(SEARCH(City_Lookup!$A$2:$A$297,$F48&" "&$E48)),0)),"Not Available")} -> Banke | H48: =IFERROR(INDEX(City_Lookup!$E$2:$E$66,MATCH($G48,City_Lookup!$D$2:$D$66,0)),"Not Available") -> Lumbini | I48: CCS2 | J48: DC | K48: 120.0 | M48: 120.0 | N48: plug_type='CCS2' | power_type='120Kw - DC, 22Kw - AC' | O48: 2 | P48: Not Available | Q48: https://www.google.com/maps/search/?api=1&query=Kohalpur%2C%20Naya%20Bus%20Park%2C%20Banke%2C%20Kohalpur%2C%20Naya%20Bus%20Park%2C%20Banke | R48: Listed | S48: Not Available | T48: chargingstationsnepal.com (workbook: EV_Station_Data.xlsx, brand/partner network compilation) | U48: NO | V48: YES | W48: 2026-09-03 | X48: +977-1-4153051 | Y48: Operator hotline (web, not station-specific) | Z48: =IF($X48="Not Available","",TRIM(LEFT(SUBSTITUTE(SUBSTITUTE(SUBSTITUTE(SUBSTITUTE(SUBSTITUTE(SUBSTITUTE(SUBSTITUTE($X48," ",""),"-",""),"(",""),")",""),".",""),"+","")&"/","/",REPT(" ",60)),60))) -> 97714153051 | AA48: =IF($Z48="","",IF(ISNUMBER(-$Z48),IF(LEFT($Z48,3)="977",MID($Z48,4,20),$Z48),IF(ISNUMBER(SEARCH("977",$Z48)),MID($Z48,SEARCH("977",$Z48)+3,20),$Z48))) -> 14153051 | AB48: =IF($AA48="","",IF(LEFT($AA48,1)="0",MID($AA48,2,20),$AA48)) -> 14153051 | AC48: =IF($AB48="","Not Available","+977"&$AB48) -> +97714153051 | AD48: =IF($AB48="","Not Available",IF(AND(LEN($AB48)=10,LEFT($AB48,1)="9"),"Mobile",IF(AND(LEN($AB48)>=8,LEN($AB48)<=9),IF(ISNUMBER(SEARCH("/",$X48)),"Landline (multiple lines)","Landline"),"Unrecognised"))) -> Landline | AE48: =IF($AB48="","Not Available",IF(AND(ISNUMBER(-$AB48),$AD48<>"Unrecognised"),"Valid","Check format")) -> Valid
A49: EVNP-0024 | B49: EVNP-0024-P2 | C49: Kohalpur, Naya Bus Park, Banke | D49: NEA | E49: Kohalpur, Naya Bus Park, Banke | F49: Kohalpur, Naya Bus Park, Banke | G49: {=IFERROR(INDEX(City_Lookup!$B$2:$B$297,MATCH(TRUE,ISNUMBER(SEARCH(City_Lookup!$A$2:$A$297,$F49&" "&$E49)),0)),"Not Available")} -> Banke | H49: =IFERROR(INDEX(City_Lookup!$E$2:$E$66,MATCH($G49,City_Lookup!$D$2:$D$66,0)),"Not Available") -> Lumbini | I49: CCS2 | J49: AC | L49: 22.0 | M49: 22.0 | N49: plug_type='CCS2' | power_type='120Kw - DC, 22Kw - AC' | O49: 2 | P49: Not Available | Q49: https://www.google.com/maps/search/?api=1&query=Kohalpur%2C%20Naya%20Bus%20Park%2C%20Banke%2C%20Kohalpur%2C%20Naya%20Bus%20Park%2C%20Banke | R49: Listed | S49: Not Available | T49: chargingstationsnepal.com (workbook: EV_Station_Data.xlsx, brand/partner network compilation) | U49: NO | V49: YES | W49: 2026-09-03 | X49: +977-1-4153051 | Y49: Operator hotline (web, not station-specific) | Z49: =IF($X49="Not Available","",TRIM(LEFT(SUBSTITUTE(SUBSTITUTE(SUBSTITUTE(SUBSTITUTE(SUBSTITUTE(SUBSTITUTE(SUBSTITUTE($X49," ",""),"-",""),"(",""),")",""),".",""),"+","")&"/","/",REPT(" ",60)),60))) -> 97714153051 | AA49: =IF($Z49="","",IF(ISNUMBER(-$Z49),IF(LEFT($Z49,3)="977",MID($Z49,4,20),$Z49),IF(ISNUMBER(SEARCH("977",$Z49)),MID($Z49,SEARCH("977",$Z49)+3,20),$Z49))) -> 14153051 | AB49: =IF($AA49="","",IF(LEFT($AA49,1)="0",MID($AA49,2,20),$AA49)) -> 14153051 | AC49: =IF($AB49="","Not Available","+977"&$AB49) -> +97714153051 | AD49: =IF($AB49="","Not Available",IF(AND(LEN($AB49)=10,LEFT($AB49,1)="9"),"Mobile",IF(AND(LEN($AB49)>=8,LEN($AB49)<=9),IF(ISNUMBER(SEARCH("/",$X49)),"Landline (multiple lines)","Landline"),"Unrecognised"))) -> Landline | AE49: =IF($AB49="","Not Available",IF(AND(ISNUMBER(-$AB49),$AD49<>"Unrecognised"),"Valid","Check format")) -> Valid
A50: EVNP-0025 | B50: EVNP-0025-P1 | C50: Dhangadhi, Kailali | D50: NEA | E50: Dhangadhi, Kailali | F50: Dhangadhi, Kailali | G50: {=IFERROR(INDEX(City_Lookup!$B$2:$B$297,MATCH(TRUE,ISNUMBER(SEARCH(City_Lookup!$A$2:$A$297,$F50&" "&$E50)),0)),"Not Available")} -> Kailali | H50: =IFERROR(INDEX(City_Lookup!$E$2:$E$66,MATCH($G50,City_Lookup!$D$2:$D$66,0)),"Not Available") -> Sudurpashchim | I50: CCS2 | J50: DC | K50: 120.0 | M50: 120.0 | N50: plug_type='CCS2' | power_type='120Kw - DC, 22Kw - AC' | O50: 2 | P50: Not Available | Q50: https://www.google.com/maps/search/?api=1&query=Dhangadhi%2C%20Kailali%2C%20Dhangadhi%2C%20Kailali | R50: Listed | S50: Not Available | T50: chargingstationsnepal.com (workbook: EV_Station_Data.xlsx, brand/partner network compilation) | U50: NO | V50: YES | W50: 2026-09-03 | X50: +977-1-4153051 | Y50: Operator hotline (web, not station-specific) | Z50: =IF($X50="Not Available","",TRIM(LEFT(SUBSTITUTE(SUBSTITUTE(SUBSTITUTE(SUBSTITUTE(SUBSTITUTE(SUBSTITUTE(SUBSTITUTE($X50," ",""),"-",""),"(",""),")",""),".",""),"+","")&"/","/",REPT(" ",60)),60))) -> 97714153051 | AA50: =IF($Z50="","",IF(ISNUMBER(-$Z50),IF(LEFT($Z50,3)="977",MID($Z50,4,20),$Z50),IF(ISNUMBER(SEARCH("977",$Z50)),MID($Z50,SEARCH("977",$Z50)+3,20),$Z50))) -> 14153051 | AB50: =IF($AA50="","",IF(LEFT($AA50,1)="0",MID($AA50,2,20),$AA50)) -> 14153051 | AC50: =IF($AB50="","Not Available","+977"&$AB50) -> +97714153051 | AD50: =IF($AB50="","Not Available",IF(AND(LEN($AB50)=10,LEFT($AB50,1)="9"),"Mobile",IF(AND(LEN($AB50)>=8,LEN($AB50)<=9),IF(ISNUMBER(SEARCH("/",$X50)),"Landline (multiple lines)","Landline"),"Unrecognised"))) -> Landline | AE50: =IF($AB50="","Not Available",IF(AND(ISNUMBER(-$AB50),$AD50<>"Unrecognised"),"Valid","Check format")) -> Valid
A51: EVNP-0025 | B51: EVNP-0025-P2 | C51: Dhangadhi, Kailali | D51: NEA | E51: Dhangadhi, Kailali | F51: Dhangadhi, Kailali | G51: {=IFERROR(INDEX(City_Lookup!$B$2:$B$297,MATCH(TRUE,ISNUMBER(SEARCH(City_Lookup!$A$2:$A$297,$F51&" "&$E51)),0)),"Not Available")} -> Kailali | H51: =IFERROR(INDEX(City_Lookup!$E$2:$E$66,MATCH($G51,City_Lookup!$D$2:$D$66,0)),"Not Available") -> Sudurpashchim | I51: CCS2 | J51: AC | L51: 22.0 | M51: 22.0 | N51: plug_type='CCS2' | power_type='120Kw - DC, 22Kw - AC' | O51: 2 | P51: Not Available | Q51: https://www.google.com/maps/search/?api=1&query=Dhangadhi%2C%20Kailali%2C%20Dhangadhi%2C%20Kailali | R51: Listed | S51: Not Available | T51: chargingstationsnepal.com (workbook: EV_Station_Data.xlsx, brand/partner network compilation) | U51: NO | V51: YES | W51: 2026-09-03 | X51: +977-1-4153051 | Y51: Operator hotline (web, not station-specific) | Z51: =IF($X51="Not Available","",TRIM(LEFT(SUBSTITUTE(SUBSTITUTE(SUBSTITUTE(SUBSTITUTE(SUBSTITUTE(SUBSTITUTE(SUBSTITUTE($X51," ",""),"-",""),"(",""),")",""),".",""),"+","")&"/","/",REPT(" ",60)),60))) -> 97714153051 | AA51: =IF($Z51="","",IF(ISNUMBER(-$Z51),IF(LEFT($Z51,3)="977",MID($Z51,4,20),$Z51),IF(ISNUMBER(SEARCH("977",$Z51)),MID($Z51,SEARCH("977",$Z51)+3,20),$Z51))) -> 14153051 | AB51: =IF($AA51="","",IF(LEFT($AA51,1)="0",MID($AA51,2,20),$AA51)) -> 14153051 | AC51: =IF($AB51="","Not Available","+977"&$AB51) -> +97714153051 | AD51: =IF($AB51="","Not Available",IF(AND(LEN($AB51)=10,LEFT($AB51,1)="9"),"Mobile",IF(AND(LEN($AB51)>=8,LEN($AB51)<=9),IF(ISNUMBER(SEARCH("/",$X51)),"Landline (multiple lines)","Landline"),"Unrecognised"))) -> Landline | AE51: =IF($AB51="","Not Available",IF(AND(ISNUMBER(-$AB51),$AD51<>"Unrecognised"),"Valid","Check format")) -> Valid
A52: EVNP-0026 | B52: EVNP-0026-P1 | C52: Trishuli Hawaghar, Nuwakot | D52: NEA | E52: Trishuli Hawaghar, Nuwakot | F52: Trishuli Hawaghar, Nuwakot | G52: {=IFERROR(INDEX(City_Lookup!$B$2:$B$297,MATCH(TRUE,ISNUMBER(SEARCH(City_Lookup!$A$2:$A$297,$F52&" "&$E52)),0)),"Not Available")} -> Nuwakot | H52: =IFERROR(INDEX(City_Lookup!$E$2:$E$66,MATCH($G52,City_Lookup!$D$2:$D$66,0)),"Not Available") -> Bagmati | I52: CCS2 | J52: DC | K52: 120.0 | M52: 120.0 | N52: plug_type='CCS2' | power_type='120Kw - DC, 22Kw - AC' | O52: 2 | P52: Not Available | Q52: https://www.google.com/maps/search/?api=1&query=Trishuli%20Hawaghar%2C%20Nuwakot%2C%20Trishuli%20Hawaghar%2C%20Nuwakot | R52: Listed | S52: Not Available | T52: chargingstationsnepal.com (workbook: EV_Station_Data.xlsx, brand/partner network compilation) | U52: NO | V52: YES | W52: 2026-09-03 | X52: +977-1-4153051 | Y52: Operator hotline (web, not station-specific) | Z52: =IF($X52="Not Available","",TRIM(LEFT(SUBSTITUTE(SUBSTITUTE(SUBSTITUTE(SUBSTITUTE(SUBSTITUTE(SUBSTITUTE(SUBSTITUTE($X52," ",""),"-",""),"(",""),")",""),".",""),"+","")&"/","/",REPT(" ",60)),60))) -> 97714153051 | AA52: =IF($Z52="","",IF(ISNUMBER(-$Z52),IF(LEFT($Z52,3)="977",MID($Z52,4,20),$Z52),IF(ISNUMBER(SEARCH("977",$Z52)),MID($Z52,SEARCH("977",$Z52)+3,20),$Z52))) -> 14153051 | AB52: =IF($AA52="","",IF(LEFT($AA52,1)="0",MID($AA52,2,20),$AA52)) -> 14153051 | AC52: =IF($AB52="","Not Available","+977"&$AB52) -> +97714153051 | AD52: =IF($AB52="","Not Available",IF(AND(LEN($AB52)=10,LEFT($AB52,1)="9"),"Mobile",IF(AND(LEN($AB52)>=8,LEN($AB52)<=9),IF(ISNUMBER(SEARCH("/",$X52)),"Landline (multiple lines)","Landline"),"Unrecognised"))) -> Landline | AE52: =IF($AB52="","Not Available",IF(AND(ISNUMBER(-$AB52),$AD52<>"Unrecognised"),"Valid","Check format")) -> Valid
A53: EVNP-0026 | B53: EVNP-0026-P2 | C53: Trishuli Hawaghar, Nuwakot | D53: NEA | E53: Trishuli Hawaghar, Nuwakot | F53: Trishuli Hawaghar, Nuwakot | G53: {=IFERROR(INDEX(City_Lookup!$B$2:$B$297,MATCH(TRUE,ISNUMBER(SEARCH(City_Lookup!$A$2:$A$297,$F53&" "&$E53)),0)),"Not Available")} -> Nuwakot | H53: =IFERROR(INDEX(City_Lookup!$E$2:$E$66,MATCH($G53,City_Lookup!$D$2:$D$66,0)),"Not Available") -> Bagmati | I53: CCS2 | J53: AC | L53: 22.0 | M53: 22.0 | N53: plug_type='CCS2' | power_type='120Kw - DC, 22Kw - AC' | O53: 2 | P53: Not Available | Q53: https://www.google.com/maps/search/?api=1&query=Trishuli%20Hawaghar%2C%20Nuwakot%2C%20Trishuli%20Hawaghar%2C%20Nuwakot | R53: Listed | S53: Not Available | T53: chargingstationsnepal.com (workbook: EV_Station_Data.xlsx, brand/partner network compilation) | U53: NO | V53: YES | W53: 2026-09-03 | X53: +977-1-4153051 | Y53: Operator hotline (web, not station-specific) | Z53: =IF($X53="Not Available","",TRIM(LEFT(SUBSTITUTE(SUBSTITUTE(SUBSTITUTE(SUBSTITUTE(SUBSTITUTE(SUBSTITUTE(SUBSTITUTE($X53," ",""),"-",""),"(",""),")",""),".",""),"+","")&"/","/",REPT(" ",60)),60))) -> 97714153051 | AA53: =IF($Z53="","",IF(ISNUMBER(-$Z53),IF(LEFT($Z53,3)="977",MID($Z53,4,20),$Z53),IF(ISNUMBER(SEARCH("977",$Z53)),MID($Z53,SEARCH("977",$Z53)+3,20),$Z53))) -> 14153051 | AB53: =IF($AA53="","",IF(LEFT($AA53,1)="0",MID($AA53,2,20),$AA53)) -> 14153051 | AC53: =IF($AB53="","Not Available","+977"&$AB53) -> +97714153051 | AD53: =IF($AB53="","Not Available",IF(AND(LEN($AB53)=10,LEFT($AB53,1)="9"),"Mobile",IF(AND(LEN($AB53)>=8,LEN($AB53)<=9),IF(ISNUMBER(SEARCH("/",$X53)),"Landline (multiple lines)","Landline"),"Unrecognised"))) -> Landline | AE53: =IF($AB53="","Not Available",IF(AND(ISNUMBER(-$AB53),$AD53<>"Unrecognised"),"Valid","Check format")) -> Valid
A54: EVNP-0027 | B54: EVNP-0027-P1 | C54: Battar, Tribhuli, Nuwakot | D54: NEA | E54: Battar, Tribhuli, Nuwakot | F54: Battar, Tribhuli, Nuwakot | G54: {=IFERROR(INDEX(City_Lookup!$B$2:$B$297,MATCH(TRUE,ISNUMBER(SEARCH(City_Lookup!$A$2:$A$297,$F54&" "&$E54)),0)),"Not Available")} -> Nuwakot | H54: =IFERROR(INDEX(City_Lookup!$E$2:$E$66,MATCH($G54,City_Lookup!$D$2:$D$66,0)),"Not Available") -> Bagmati | I54: CCS2 | J54: DC | K54: 120.0 | M54: 120.0 | N54: plug_type='CCS2' | power_type='120Kw - DC, 22Kw - AC' | O54: 2 | P54: Not Available | Q54: https://www.google.com/maps/search/?api=1&query=Battar%2C%20Tribhuli%2C%20Nuwakot%2C%20Battar%2C%20Tribhuli%2C%20Nuwakot | R54: Listed | S54: Not Available | T54: chargingstationsnepal.com (workbook: EV_Station_Data.xlsx, brand/partner network compilation) | U54: NO | V54: YES | W54: 2026-09-03 | X54: +977-1-4153051 | Y54: Operator hotline (web, not station-specific) | Z54: =IF($X54="Not Available","",TRIM(LEFT(SUBSTITUTE(SUBSTITUTE(SUBSTITUTE(SUBSTITUTE(SUBSTITUTE(SUBSTITUTE(SUBSTITUTE($X54," ",""),"-",""),"(",""),")",""),".",""),"+","")&"/","/",REPT(" ",60)),60))) -> 97714153051 | AA54: =IF($Z54="","",IF(ISNUMBER(-$Z54),IF(LEFT($Z54,3)="977",MID($Z54,4,20),$Z54),IF(ISNUMBER(SEARCH("977",$Z54)),MID($Z54,SEARCH("977",$Z54)+3,20),$Z54))) -> 14153051 | AB54: =IF($AA54="","",IF(LEFT($AA54,1)="0",MID($AA54,2,20),$AA54)) -> 14153051 | AC54: =IF($AB54="","Not Available","+977"&$AB54) -> +97714153051 | AD54: =IF($AB54="","Not Available",IF(AND(LEN($AB54)=10,LEFT($AB54,1)="9"),"Mobile",IF(AND(LEN($AB54)>=8,LEN($AB54)<=9),IF(ISNUMBER(SEARCH("/",$X54)),"Landline (multiple lines)","Landline"),"Unrecognised"))) -> Landline | AE54: =IF($AB54="","Not Available",IF(AND(ISNUMBER(-$AB54),$AD54<>"Unrecognised"),"Valid","Check format")) -> Valid
A55: EVNP-0027 | B55: EVNP-0027-P2 | C55: Battar, Tribhuli, Nuwakot | D55: NEA | E55: Battar, Tribhuli, Nuwakot | F55: Battar, Tribhuli, Nuwakot | G55: {=IFERROR(INDEX(City_Lookup!$B$2:$B$297,MATCH(TRUE,ISNUMBER(SEARCH(City_Lookup!$A$2:$A$297,$F55&" "&$E55)),0)),"Not Available")} -> Nuwakot | H55: =IFERROR(INDEX(City_Lookup!$E$2:$E$66,MATCH($G55,City_Lookup!$D$2:$D$66,0)),"Not Available") -> Bagmati | I55: CCS2 | J55: AC | L55: 22.0 | M55: 22.0 | N55: plug_type='CCS2' | power_type='120Kw - DC, 22Kw - AC' | O55: 2 | P55: Not Available | Q55: https://www.google.com/maps/search/?api=1&query=Battar%2C%20Tribhuli%2C%20Nuwakot%2C%20Battar%2C%20Tribhuli%2C%20Nuwakot | R55: Listed | S55: Not Available | T55: chargingstationsnepal.com (workbook: EV_Station_Data.xlsx, brand/partner network compilation) | U55: NO | V55: YES | W55: 2026-09-03 | X55: +977-1-4153051 | Y55: Operator hotline (web, not station-specific) | Z55: =IF($X55="Not Available","",TRIM(LEFT(SUBSTITUTE(SUBSTITUTE(SUBSTITUTE(SUBSTITUTE(SUBSTITUTE(SUBSTITUTE(SUBSTITUTE($X55," ",""),"-",""),"(",""),")",""),".",""),"+","")&"/","/",REPT(" ",60)),60))) -> 97714153051 | AA55: =IF($Z55="","",IF(ISNUMBER(-$Z55),IF(LEFT($Z55,3)="977",MID($Z55,4,20),$Z55),IF(ISNUMBER(SEARCH("977",$Z55)),MID($Z55,SEARCH("977",$Z55)+3,20),$Z55))) -> 14153051 | AB55: =IF($AA55="","",IF(LEFT($AA55,1)="0",MID($AA55,2,20),$AA55)) -> 14153051 | AC55: =IF($AB55="","Not Available","+977"&$AB55) -> +97714153051 | AD55: =IF($AB55="","Not Available",IF(AND(LEN($AB55)=10,LEFT($AB55,1)="9"),"Mobile",IF(AND(LEN($AB55)>=8,LEN($AB55)<=9),IF(ISNUMBER(SEARCH("/",$X55)),"Landline (multiple lines)","Landline"),"Unrecognised"))) -> Landline | AE55: =IF($AB55="","Not Available",IF(AND(ISNUMBER(-$AB55),$AD55<>"Unrecognised"),"Valid","Check format")) -> Valid
A56: EVNP-0028 | B56: EVNP-0028-P1 | C56: Kusma, Parbat | D56: NEA | E56: Kusma, Parbat | F56: Kusma, Parbat | G56: {=IFERROR(INDEX(City_Lookup!$B$2:$B$297,MATCH(TRUE,ISNUMBER(SEARCH(City_Lookup!$A$2:$A$297,$F56&" "&$E56)),0)),"Not Available")} -> Parbat | H56: =IFERROR(INDEX(City_Lookup!$E$2:$E$66,MATCH($G56,City_Lookup!$D$2:$D$66,0)),"Not Available") -> Gandaki | I56: CCS2 | J56: DC | K56: 120.0 | M56: 120.0 | N56: plug_type='CCS2' | power_type='120Kw - DC, 22Kw - AC' | O56: 2 | P56: Not Available | Q56: https://www.google.com/maps/search/?api=1&query=Kusma%2C%20Parbat%2C%20Kusma%2C%20Parbat | R56: Listed | S56: Not Available | T56: chargingstationsnepal.com (workbook: EV_Station_Data.xlsx, brand/partner network compilation) | U56: NO | V56: YES | W56: 2026-09-03 | X56: +977-1-4153051 | Y56: Operator hotline (web, not station-specific) | Z56: =IF($X56="Not Available","",TRIM(LEFT(SUBSTITUTE(SUBSTITUTE(SUBSTITUTE(SUBSTITUTE(SUBSTITUTE(SUBSTITUTE(SUBSTITUTE($X56," ",""),"-",""),"(",""),")",""),".",""),"+","")&"/","/",REPT(" ",60)),60))) -> 97714153051 | AA56: =IF($Z56="","",IF(ISNUMBER(-$Z56),IF(LEFT($Z56,3)="977",MID($Z56,4,20),$Z56),IF(ISNUMBER(SEARCH("977",$Z56)),MID($Z56,SEARCH("977",$Z56)+3,20),$Z56))) -> 14153051 | AB56: =IF($AA56="","",IF(LEFT($AA56,1)="0",MID($AA56,2,20),$AA56)) -> 14153051 | AC56: =IF($AB56="","Not Available","+977"&$AB56) -> +97714153051 | AD56: =IF($AB56="","Not Available",IF(AND(LEN($AB56)=10,LEFT($AB56,1)="9"),"Mobile",IF(AND(LEN($AB56)>=8,LEN($AB56)<=9),IF(ISNUMBER(SEARCH("/",$X56)),"Landline (multiple lines)","Landline"),"Unrecognised"))) -> Landline | AE56: =IF($AB56="","Not Available",IF(AND(ISNUMBER(-$AB56),$AD56<>"Unrecognised"),"Valid","Check format")) -> Valid
A57: EVNP-0028 | B57: EVNP-0028-P2 | C57: Kusma, Parbat | D57: NEA | E57: Kusma, Parbat | F57: Kusma, Parbat | G57: {=IFERROR(INDEX(City_Lookup!$B$2:$B$297,MATCH(TRUE,ISNUMBER(SEARCH(City_Lookup!$A$2:$A$297,$F57&" "&$E57)),0)),"Not Available")} -> Parbat | H57: =IFERROR(INDEX(City_Lookup!$E$2:$E$66,MATCH($G57,City_Lookup!$D$2:$D$66,0)),"Not Available") -> Gandaki | I57: CCS2 | J57: AC | L57: 22.0 | M57: 22.0 | N57: plug_type='CCS2' | power_type='120Kw - DC, 22Kw - AC' | O57: 2 | P57: Not Available | Q57: https://www.google.com/maps/search/?api=1&query=Kusma%2C%20Parbat%2C%20Kusma%2C%20Parbat | R57: Listed | S57: Not Available | T57: chargingstationsnepal.com (workbook: EV_Station_Data.xlsx, brand/partner network compilation) | U57: NO | V57: YES | W57: 2026-09-03 | X57: +977-1-4153051 | Y57: Operator hotline (web, not station-specific) | Z57: =IF($X57="Not Available","",TRIM(LEFT(SUBSTITUTE(SUBSTITUTE(SUBSTITUTE(SUBSTITUTE(SUBSTITUTE(SUBSTITUTE(SUBSTITUTE($X57," ",""),"-",""),"(",""),")",""),".",""),"+","")&"/","/",REPT(" ",60)),60))) -> 97714153051 | AA57: =IF($Z57="","",IF(ISNUMBER(-$Z57),IF(LEFT($Z57,3)="977",MID($Z57,4,20),$Z57),IF(ISNUMBER(SEARCH("977",$Z57)),MID($Z57,SEARCH("977",$Z57)+3,20),$Z57))) -> 14153051 | AB57: =IF($AA57="","",IF(LEFT($AA57,1)="0",MID($AA57,2,20),$AA57)) -> 14153051 | AC57: =IF($AB57="","Not Available","+977"&$AB57) -> +97714153051 | AD57: =IF($AB57="","Not Available",IF(AND(LEN($AB57)=10,LEFT($AB57,1)="9"),"Mobile",IF(AND(LEN($AB57)>=8,LEN($AB57)<=9),IF(ISNUMBER(SEARCH("/",$X57)),"Landline (multiple lines)","Landline"),"Unrecognised"))) -> Landline | AE57: =IF($AB57="","Not Available",IF(AND(ISNUMBER(-$AB57),$AD57<>"Unrecognised"),"Valid","Check format")) -> Valid
A58: EVNP-0029 | B58: EVNP-0029-P1 | C58: Lamahai Bus Park, Dang | D58: NEA | E58: Lamahai Bus Park, Dang | F58: Lamahai Bus Park, Dang | G58: {=IFERROR(INDEX(City_Lookup!$B$2:$B$297,MATCH(TRUE,ISNUMBER(SEARCH(City_Lookup!$A$2:$A$297,$F58&" "&$E58)),0)),"Not Available")} -> Dang | H58: =IFERROR(INDEX(City_Lookup!$E$2:$E$66,MATCH($G58,City_Lookup!$D$2:$D$66,0)),"Not Available") -> Lumbini | I58: CCS2 | J58: DC | K58: 120.0 | M58: 120.0 | N58: plug_type='CCS2' | power_type='120Kw - DC, 22Kw - AC' | O58: 2 | P58: Not Available | Q58: https://www.google.com/maps/search/?api=1&query=Lamahai%20Bus%20Park%2C%20Dang%2C%20Lamahai%20Bus%20Park%2C%20Dang | R58: Listed | S58: Not Available | T58: chargingstationsnepal.com (workbook: EV_Station_Data.xlsx, brand/partner network compilation) | U58: NO | V58: YES | W58: 2026-09-03 | X58: +977-1-4153051 | Y58: Operator hotline (web, not station-specific) | Z58: =IF($X58="Not Available","",TRIM(LEFT(SUBSTITUTE(SUBSTITUTE(SUBSTITUTE(SUBSTITUTE(SUBSTITUTE(SUBSTITUTE(SUBSTITUTE($X58," ",""),"-",""),"(",""),")",""),".",""),"+","")&"/","/",REPT(" ",60)),60))) -> 97714153051 | AA58: =IF($Z58="","",IF(ISNUMBER(-$Z58),IF(LEFT($Z58,3)="977",MID($Z58,4,20),$Z58),IF(ISNUMBER(SEARCH("977",$Z58)),MID($Z58,SEARCH("977",$Z58)+3,20),$Z58))) -> 14153051 | AB58: =IF($AA58="","",IF(LEFT($AA58,1)="0",MID($AA58,2,20),$AA58)) -> 14153051 | AC58: =IF($AB58="","Not Available","+977"&$AB58) -> +97714153051 | AD58: =IF($AB58="","Not Available",IF(AND(LEN($AB58)=10,LEFT($AB58,1)="9"),"Mobile",IF(AND(LEN($AB58)>=8,LEN($AB58)<=9),IF(ISNUMBER(SEARCH("/",$X58)),"Landline (multiple lines)","Landline"),"Unrecognised"))) -> Landline | AE58: =IF($AB58="","Not Available",IF(AND(ISNUMBER(-$AB58),$AD58<>"Unrecognised"),"Valid","Check format")) -> Valid
A59: EVNP-0029 | B59: EVNP-0029-P2 | C59: Lamahai Bus Park, Dang | D59: NEA | E59: Lamahai Bus Park, Dang | F59: Lamahai Bus Park, Dang | G59: {=IFERROR(INDEX(City_Lookup!$B$2:$B$297,MATCH(TRUE,ISNUMBER(SEARCH(City_Lookup!$A$2:$A$297,$F59&" "&$E59)),0)),"Not Available")} -> Dang | H59: =IFERROR(INDEX(City_Lookup!$E$2:$E$66,MATCH($G59,City_Lookup!$D$2:$D$66,0)),"Not Available") -> Lumbini | I59: CCS2 | J59: AC | L59: 22.0 | M59: 22.0 | N59: plug_type='CCS2' | power_type='120Kw - DC, 22Kw - AC' | O59: 2 | P59: Not Available | Q59: https://www.google.com/maps/search/?api=1&query=Lamahai%20Bus%20Park%2C%20Dang%2C%20Lamahai%20Bus%20Park%2C%20Dang | R59: Listed | S59: Not Available | T59: chargingstationsnepal.com (workbook: EV_Station_Data.xlsx, brand/partner network compilation) | U59: NO | V59: YES | W59: 2026-09-03 | X59: +977-1-4153051 | Y59: Operator hotline (web, not station-specific) | Z59: =IF($X59="Not Available","",TRIM(LEFT(SUBSTITUTE(SUBSTITUTE(SUBSTITUTE(SUBSTITUTE(SUBSTITUTE(SUBSTITUTE(SUBSTITUTE($X59," ",""),"-",""),"(",""),")",""),".",""),"+","")&"/","/",REPT(" ",60)),60))) -> 97714153051 | AA59: =IF($Z59="","",IF(ISNUMBER(-$Z59),IF(LEFT($Z59,3)="977",MID($Z59,4,20),$Z59),IF(ISNUMBER(SEARCH("977",$Z59)),MID($Z59,SEARCH("977",$Z59)+3,20),$Z59))) -> 14153051 | AB59: =IF($AA59="","",IF(LEFT($AA59,1)="0",MID($AA59,2,20),$AA59)) -> 14153051 | AC59: =IF($AB59="","Not Available","+977"&$AB59) -> +97714153051 | AD59: =IF($AB59="","Not Available",IF(AND(LEN($AB59)=10,LEFT($AB59,1)="9"),"Mobile",IF(AND(LEN($AB59)>=8,LEN($AB59)<=9),IF(ISNUMBER(SEARCH("/",$X59)),"Landline (multiple lines)","Landline"),"Unrecognised"))) -> Landline | AE59: =IF($AB59="","Not Available",IF(AND(ISNUMBER(-$AB59),$AD59<>"Unrecognised"),"Valid","Check format")) -> Valid
A60: EVNP-0030 | B60: EVNP-0030-P1 | C60: Lamki, Kailali | D60: NEA | E60: Lamki, Kailali | F60: Lamki, Kailali | G60: {=IFERROR(INDEX(City_Lookup!$B$2:$B$297,MATCH(TRUE,ISNUMBER(SEARCH(City_Lookup!$A$2:$A$297,$F60&" "&$E60)),0)),"Not Available")} -> Kailali | H60: =IFERROR(INDEX(City_Lookup!$E$2:$E$66,MATCH($G60,City_Lookup!$D$2:$D$66,0)),"Not Available") -> Sudurpashchim | I60: CCS2 | J60: DC | K60: 120.0 | M60: 120.0 | N60: plug_type='CCS2' | power_type='120Kw - DC, 22Kw - AC' | O60: 2 | P60: Not Available | Q60: https://www.google.com/maps/search/?api=1&query=Lamki%2C%20Kailali%2C%20Lamki%2C%20Kailali | R60: Listed | S60: Not Available | T60: chargingstationsnepal.com (workbook: EV_Station_Data.xlsx, brand/partner network compilation) | U60: NO | V60: YES | W60: 2026-09-03 | X60: +977-1-4153051 | Y60: Operator hotline (web, not station-specific) | Z60: =IF($X60="Not Available","",TRIM(LEFT(SUBSTITUTE(SUBSTITUTE(SUBSTITUTE(SUBSTITUTE(SUBSTITUTE(SUBSTITUTE(SUBSTITUTE($X60," ",""),"-",""),"(",""),")",""),".",""),"+","")&"/","/",REPT(" ",60)),60))) -> 97714153051 | AA60: =IF($Z60="","",IF(ISNUMBER(-$Z60),IF(LEFT($Z60,3)="977",MID($Z60,4,20),$Z60),IF(ISNUMBER(SEARCH("977",$Z60)),MID($Z60,SEARCH("977",$Z60)+3,20),$Z60))) -> 14153051 | AB60: =IF($AA60="","",IF(LEFT($AA60,1)="0",MID($AA60,2,20),$AA60)) -> 14153051 | AC60: =IF($AB60="","Not Available","+977"&$AB60) -> +97714153051 | AD60: =IF($AB60="","Not Available",IF(AND(LEN($AB60)=10,LEFT($AB60,1)="9"),"Mobile",IF(AND(LEN($AB60)>=8,LEN($AB60)<=9),IF(ISNUMBER(SEARCH("/",$X60)),"Landline (multiple lines)","Landline"),"Unrecognised"))) -> Landline | AE60: =IF($AB60="","Not Available",IF(AND(ISNUMBER(-$AB60),$AD60<>"Unrecognised"),"Valid","Check format")) -> Valid
A61: EVNP-0030 | B61: EVNP-0030-P2 | C61: Lamki, Kailali | D61: NEA | E61: Lamki, Kailali | F61: Lamki, Kailali | G61: {=IFERROR(INDEX(City_Lookup!$B$2:$B$297,MATCH(TRUE,ISNUMBER(SEARCH(City_Lookup!$A$2:$A$297,$F61&" "&$E61)),0)),"Not Available")} -> Kailali | H61: =IFERROR(INDEX(City_Lookup!$E$2:$E$66,MATCH($G61,City_Lookup!$D$2:$D$66,0)),"Not Available") -> Sudurpashchim | I61: CCS2 | J61: AC | L61: 22.0 | M61: 22.0 | N61: plug_type='CCS2' | power_type='120Kw - DC, 22Kw - AC' | O61: 2 | P61: Not Available | Q61: https://www.google.com/maps/search/?api=1&query=Lamki%2C%20Kailali%2C%20Lamki%2C%20Kailali | R61: Listed | S61: Not Available | T61: chargingstationsnepal.com (workbook: EV_Station_Data.xlsx, brand/partner network compilation) | U61: NO | V61: YES | W61: 2026-09-03 | X61: +977-1-4153051 | Y61: Operator hotline (web, not station-specific) | Z61: =IF($X61="Not Available","",TRIM(LEFT(SUBSTITUTE(SUBSTITUTE(SUBSTITUTE(SUBSTITUTE(SUBSTITUTE(SUBSTITUTE(SUBSTITUTE($X61," ",""),"-",""),"(",""),")",""),".",""),"+","")&"/","/",REPT(" ",60)),60))) -> 97714153051 | AA61: =IF($Z61="","",IF(ISNUMBER(-$Z61),IF(LEFT($Z61,3)="977",MID($Z61,4,20),$Z61),IF(ISNUMBER(SEARCH("977",$Z61)),MID($Z61,SEARCH("977",$Z61)+3,20),$Z61))) -> 14153051 | AB61: =IF($AA61="","",IF(LEFT($AA61,1)="0",MID($AA61,2,20),$AA61)) -> 14153051 | AC61: =IF($AB61="","Not Available","+977"&$AB61) -> +97714153051 | AD61: =IF($AB61="","Not Available",IF(AND(LEN($AB61)=10,LEFT($AB61,1)="9"),"Mobile",IF(AND(LEN($AB61)>=8,LEN($AB61)<=9),IF(ISNUMBER(SEARCH("/",$X61)),"Landline (multiple lines)","Landline"),"Unrecognised"))) -> Landline | AE61: =IF($AB61="","Not Available",IF(AND(ISNUMBER(-$AB61),$AD61<>"Unrecognised"),"Valid","Check format")) -> Valid
A62: EVNP-0031 | B62: EVNP-0031-P1 | C62: Banepa, Kavre | D62: NEA | E62: Banepa, Kavre | F62: Banepa, Kavre | G62: {=IFERROR(INDEX(City_Lookup!$B$2:$B$297,MATCH(TRUE,ISNUMBER(SEARCH(City_Lookup!$A$2:$A$297,$F62&" "&$E62)),0)),"Not Available")} -> Kavre | H62: =IFERROR(INDEX(City_Lookup!$E$2:$E$66,MATCH($G62,City_Lookup!$D$2:$D$66,0)),"Not Available") -> Bagmati | I62: CCS2 | J62: DC | K62: 120.0 | M62: 120.0 | N62: plug_type='CCS2' | power_type='120Kw - DC, 22Kw - AC' | O62: 2 | P62: Not Available | Q62: https://www.google.com/maps/search/?api=1&query=Banepa%2C%20Kavre%2C%20Banepa%2C%20Kavre | R62: Listed | S62: Not Available | T62: chargingstationsnepal.com (workbook: EV_Station_Data.xlsx, brand/partner network compilation) | U62: NO | V62: YES | W62: 2026-09-03 | X62: +977-1-4153051 | Y62: Operator hotline (web, not station-specific) | Z62: =IF($X62="Not Available","",TRIM(LEFT(SUBSTITUTE(SUBSTITUTE(SUBSTITUTE(SUBSTITUTE(SUBSTITUTE(SUBSTITUTE(SUBSTITUTE($X62," ",""),"-",""),"(",""),")",""),".",""),"+","")&"/","/",REPT(" ",60)),60))) -> 97714153051 | AA62: =IF($Z62="","",IF(ISNUMBER(-$Z62),IF(LEFT($Z62,3)="977",MID($Z62,4,20),$Z62),IF(ISNUMBER(SEARCH("977",$Z62)),MID($Z62,SEARCH("977",$Z62)+3,20),$Z62))) -> 14153051 | AB62: =IF($AA62="","",IF(LEFT($AA62,1)="0",MID($AA62,2,20),$AA62)) -> 14153051 | AC62: =IF($AB62="","Not Available","+977"&$AB62) -> +97714153051 | AD62: =IF($AB62="","Not Available",IF(AND(LEN($AB62)=10,LEFT($AB62,1)="9"),"Mobile",IF(AND(LEN($AB62)>=8,LEN($AB62)<=9),IF(ISNUMBER(SEARCH("/",$X62)),"Landline (multiple lines)","Landline"),"Unrecognised"))) -> Landline | AE62: =IF($AB62="","Not Available",IF(AND(ISNUMBER(-$AB62),$AD62<>"Unrecognised"),"Valid","Check format")) -> Valid
A63: EVNP-0031 | B63: EVNP-0031-P2 | C63: Banepa, Kavre | D63: NEA | E63: Banepa, Kavre | F63: Banepa, Kavre | G63: {=IFERROR(INDEX(City_Lookup!$B$2:$B$297,MATCH(TRUE,ISNUMBER(SEARCH(City_Lookup!$A$2:$A$297,$F63&" "&$E63)),0)),"Not Available")} -> Kavre | H63: =IFERROR(INDEX(City_Lookup!$E$2:$E$66,MATCH($G63,City_Lookup!$D$2:$D$66,0)),"Not Available") -> Bagmati | I63: CCS2 | J63: AC | L63: 22.0 | M63: 22.0 | N63: plug_type='CCS2' | power_type='120Kw - DC, 22Kw - AC' | O63: 2 | P63: Not Available | Q63: https://www.google.com/maps/search/?api=1&query=Banepa%2C%20Kavre%2C%20Banepa%2C%20Kavre | R63: Listed | S63: Not Available | T63: chargingstationsnepal.com (workbook: EV_Station_Data.xlsx, brand/partner network compilation) | U63: NO | V63: YES | W63: 2026-09-03 | X63: +977-1-4153051 | Y63: Operator hotline (web, not station-specific) | Z63: =IF($X63="Not Available","",TRIM(LEFT(SUBSTITUTE(SUBSTITUTE(SUBSTITUTE(SUBSTITUTE(SUBSTITUTE(SUBSTITUTE(SUBSTITUTE($X63," ",""),"-",""),"(",""),")",""),".",""),"+","")&"/","/",REPT(" ",60)),60))) -> 97714153051 | AA63: =IF($Z63="","",IF(ISNUMBER(-$Z63),IF(LEFT($Z63,3)="977",MID($Z63,4,20),$Z63),IF(ISNUMBER(SEARCH("977",$Z63)),MID($Z63,SEARCH("977",$Z63)+3,20),$Z63))) -> 14153051 | AB63: =IF($AA63="","",IF(LEFT($AA63,1)="0",MID($AA63,2,20),$AA63)) -> 14153051 | AC63: =IF($AB63="","Not Available","+977"&$AB63) -> +97714153051 | AD63: =IF($AB63="","Not Available",IF(AND(LEN($AB63)=10,LEFT($AB63,1)="9"),"Mobile",IF(AND(LEN($AB63)>=8,LEN($AB63)<=9),IF(ISNUMBER(SEARCH("/",$X63)),"Landline (multiple lines)","Landline"),"Unrecognised"))) -> Landline | AE63: =IF($AB63="","Not Available",IF(AND(ISNUMBER(-$AB63),$AD63<>"Unrecognised"),"Valid","Check format")) -> Valid
A64: EVNP-0032 | B64: EVNP-0032-P1 | C64: Thankot | D64: NEA | E64: Thankot | F64: Thankot | G64: {=IFERROR(INDEX(City_Lookup!$B$2:$B$297,MATCH(TRUE,ISNUMBER(SEARCH(City_Lookup!$A$2:$A$297,$F64&" "&$E64)),0)),"Not Available")} -> Kathmandu | H64: =IFERROR(INDEX(City_Lookup!$E$2:$E$66,MATCH($G64,City_Lookup!$D$2:$D$66,0)),"Not Available") -> Bagmati | I64: CCS2 | J64: DC | K64: 120.0 | M64: 120.0 | N64: plug_type='CCS2' | power_type='120Kw - DC, 22Kw - AC' | O64: 2 | P64: Not Available | Q64: https://www.google.com/maps/search/?api=1&query=Thankot%2C%20Thankot | R64: Listed | S64: Not Available | T64: chargingstationsnepal.com (workbook: EV_Station_Data.xlsx, brand/partner network compilation) | U64: NO | V64: YES | W64: 2026-09-03 | X64: +977-1-4153051 | Y64: Operator hotline (web, not station-specific) | Z64: =IF($X64="Not Available","",TRIM(LEFT(SUBSTITUTE(SUBSTITUTE(SUBSTITUTE(SUBSTITUTE(SUBSTITUTE(SUBSTITUTE(SUBSTITUTE($X64," ",""),"-",""),"(",""),")",""),".",""),"+","")&"/","/",REPT(" ",60)),60))) -> 97714153051 | AA64: =IF($Z64="","",IF(ISNUMBER(-$Z64),IF(LEFT($Z64,3)="977",MID($Z64,4,20),$Z64),IF(ISNUMBER(SEARCH("977",$Z64)),MID($Z64,SEARCH("977",$Z64)+3,20),$Z64))) -> 14153051 | AB64: =IF($AA64="","",IF(LEFT($AA64,1)="0",MID($AA64,2,20),$AA64)) -> 14153051 | AC64: =IF($AB64="","Not Available","+977"&$AB64) -> +97714153051 | AD64: =IF($AB64="","Not Available",IF(AND(LEN($AB64)=10,LEFT($AB64,1)="9"),"Mobile",IF(AND(LEN($AB64)>=8,LEN($AB64)<=9),IF(ISNUMBER(SEARCH("/",$X64)),"Landline (multiple lines)","Landline"),"Unrecognised"))) -> Landline | AE64: =IF($AB64="","Not Available",IF(AND(ISNUMBER(-$AB64),$AD64<>"Unrecognised"),"Valid","Check format")) -> Valid
A65: EVNP-0032 | B65: EVNP-0032-P2 | C65: Thankot | D65: NEA | E65: Thankot | F65: Thankot | G65: {=IFERROR(INDEX(City_Lookup!$B$2:$B$297,MATCH(TRUE,ISNUMBER(SEARCH(City_Lookup!$A$2:$A$297,$F65&" "&$E65)),0)),"Not Available")} -> Kathmandu | H65: =IFERROR(INDEX(City_Lookup!$E$2:$E$66,MATCH($G65,City_Lookup!$D$2:$D$66,0)),"Not Available") -> Bagmati | I65: CCS2 | J65: AC | L65: 22.0 | M65: 22.0 | N65: plug_type='CCS2' | power_type='120Kw - DC, 22Kw - AC' | O65: 2 | P65: Not Available | Q65: https://www.google.com/maps/search/?api=1&query=Thankot%2C%20Thankot | R65: Listed | S65: Not Available | T65: chargingstationsnepal.com (workbook: EV_Station_Data.xlsx, brand/partner network compilation) | U65: NO | V65: YES | W65: 2026-09-03 | X65: +977-1-4153051 | Y65: Operator hotline (web, not station-specific) | Z65: =IF($X65="Not Available","",TRIM(LEFT(SUBSTITUTE(SUBSTITUTE(SUBSTITUTE(SUBSTITUTE(SUBSTITUTE(SUBSTITUTE(SUBSTITUTE($X65," ",""),"-",""),"(",""),")",""),".",""),"+","")&"/","/",REPT(" ",60)),60))) -> 97714153051 | AA65: =IF($Z65="","",IF(ISNUMBER(-$Z65),IF(LEFT($Z65,3)="977",MID($Z65,4,20),$Z65),IF(ISNUMBER(SEARCH("977",$Z65)),MID($Z65,SEARCH("977",$Z65)+3,20),$Z65))) -> 14153051 | AB65: =IF($AA65="","",IF(LEFT($AA65,1)="0",MID($AA65,2,20),$AA65)) -> 14153051 | AC65: =IF($AB65="","Not Available","+977"&$AB65) -> +97714153051 | AD65: =IF($AB65="","Not Available",IF(AND(LEN($AB65)=10,LEFT($AB65,1)="9"),"Mobile",IF(AND(LEN($AB65)>=8,LEN($AB65)<=9),IF(ISNUMBER(SEARCH("/",$X65)),"Landline (multiple lines)","Landline"),"Unrecognised"))) -> Landline | AE65: =IF($AB65="","Not Available",IF(AND(ISNUMBER(-$AB65),$AD65<>"Unrecognised"),"Valid","Check format")) -> Valid
A66: EVNP-0033 | B66: EVNP-0033-P1 | C66: Bharatpur Bus Park, Chitwan | D66: NEA | E66: Bharatpur Bus Park, Chitwan | F66: Bharatpur Bus Park, Chitwan | G66: {=IFERROR(INDEX(City_Lookup!$B$2:$B$297,MATCH(TRUE,ISNUMBER(SEARCH(City_Lookup!$A$2:$A$297,$F66&" "&$E66)),0)),"Not Available")} -> Chitwan | H66: =IFERROR(INDEX(City_Lookup!$E$2:$E$66,MATCH($G66,City_Lookup!$D$2:$D$66,0)),"Not Available") -> Bagmati | I66: CCS2 | J66: DC | K66: 120.0 | M66: 120.0 | N66: plug_type='CCS2' | power_type='120Kw - DC, 22Kw - AC' | O66: 2 | P66: Not Available | Q66: https://www.google.com/maps/search/?api=1&query=Bharatpur%20Bus%20Park%2C%20Chitwan%2C%20Bharatpur%20Bus%20Park%2C%20Chitwan | R66: Listed | S66: Not Available | T66: chargingstationsnepal.com (workbook: EV_Station_Data.xlsx, brand/partner network compilation) | U66: NO | V66: YES | W66: 2026-09-03 | X66: +977-1-4153051 | Y66: Operator hotline (web, not station-specific) | Z66: =IF($X66="Not Available","",TRIM(LEFT(SUBSTITUTE(SUBSTITUTE(SUBSTITUTE(SUBSTITUTE(SUBSTITUTE(SUBSTITUTE(SUBSTITUTE($X66," ",""),"-",""),"(",""),")",""),".",""),"+","")&"/","/",REPT(" ",60)),60))) -> 97714153051 | AA66: =IF($Z66="","",IF(ISNUMBER(-$Z66),IF(LEFT($Z66,3)="977",MID($Z66,4,20),$Z66),IF(ISNUMBER(SEARCH("977",$Z66)),MID($Z66,SEARCH("977",$Z66)+3,20),$Z66))) -> 14153051 | AB66: =IF($AA66="","",IF(LEFT($AA66,1)="0",MID($AA66,2,20),$AA66)) -> 14153051 | AC66: =IF($AB66="","Not Available","+977"&$AB66) -> +97714153051 | AD66: =IF($AB66="","Not Available",IF(AND(LEN($AB66)=10,LEFT($AB66,1)="9"),"Mobile",IF(AND(LEN($AB66)>=8,LEN($AB66)<=9),IF(ISNUMBER(SEARCH("/",$X66)),"Landline (multiple lines)","Landline"),"Unrecognised"))) -> Landline | AE66: =IF($AB66="","Not Available",IF(AND(ISNUMBER(-$AB66),$AD66<>"Unrecognised"),"Valid","Check format")) -> Valid
A67: EVNP-0033 | B67: EVNP-0033-P2 | C67: Bharatpur Bus Park, Chitwan | D67: NEA | E67: Bharatpur Bus Park, Chitwan | F67: Bharatpur Bus Park, Chitwan | G67: {=IFERROR(INDEX(City_Lookup!$B$2:$B$297,MATCH(TRUE,ISNUMBER(SEARCH(City_Lookup!$A$2:$A$297,$F67&" "&$E67)),0)),"Not Available")} -> Chitwan | H67: =IFERROR(INDEX(City_Lookup!$E$2:$E$66,MATCH($G67,City_Lookup!$D$2:$D$66,0)),"Not Available") -> Bagmati | I67: CCS2 | J67: AC | L67: 22.0 | M67: 22.0 | N67: plug_type='CCS2' | power_type='120Kw - DC, 22Kw - AC' | O67: 2 | P67: Not Available | Q67: https://www.google.com/maps/search/?api=1&query=Bharatpur%20Bus%20Park%2C%20Chitwan%2C%20Bharatpur%20Bus%20Park%2C%20Chitwan | R67: Listed | S67: Not Available | T67: chargingstationsnepal.com (workbook: EV_Station_Data.xlsx, brand/partner network compilation) | U67: NO | V67: YES | W67: 2026-09-03 | X67: +977-1-4153051 | Y67: Operator hotline (web, not station-specific) | Z67: =IF($X67="Not Available","",TRIM(LEFT(SUBSTITUTE(SUBSTITUTE(SUBSTITUTE(SUBSTITUTE(SUBSTITUTE(SUBSTITUTE(SUBSTITUTE($X67," ",""),"-",""),"(",""),")",""),".",""),"+","")&"/","/",REPT(" ",60)),60))) -> 97714153051 | AA67: =IF($Z67="","",IF(ISNUMBER(-$Z67),IF(LEFT($Z67,3)="977",MID($Z67,4,20),$Z67),IF(ISNUMBER(SEARCH("977",$Z67)),MID($Z67,SEARCH("977",$Z67)+3,20),$Z67))) -> 14153051 | AB67: =IF($AA67="","",IF(LEFT($AA67,1)="0",MID($AA67,2,20),$AA67)) -> 14153051 | AC67: =IF($AB67="","Not Available","+977"&$AB67) -> +97714153051 | AD67: =IF($AB67="","Not Available",IF(AND(LEN($AB67)=10,LEFT($AB67,1)="9"),"Mobile",IF(AND(LEN($AB67)>=8,LEN($AB67)<=9),IF(ISNUMBER(SEARCH("/",$X67)),"Landline (multiple lines)","Landline"),"Unrecognised"))) -> Landline | AE67: =IF($AB67="","Not Available",IF(AND(ISNUMBER(-$AB67),$AD67<>"Unrecognised"),"Valid","Check format")) -> Valid
A68: EVNP-0034 | B68: EVNP-0034-P1 | C68: Birgunj Bus Park, Parsa | D68: NEA | E68: Birgunj Bus Park, Parsa | F68: Birgunj Bus Park, Parsa | G68: {=IFERROR(INDEX(City_Lookup!$B$2:$B$297,MATCH(TRUE,ISNUMBER(SEARCH(City_Lookup!$A$2:$A$297,$F68&" "&$E68)),0)),"Not Available")} -> Parsa | H68: =IFERROR(INDEX(City_Lookup!$E$2:$E$66,MATCH($G68,City_Lookup!$D$2:$D$66,0)),"Not Available") -> Madhesh | I68: CCS2 | J68: DC | K68: 120.0 | M68: 120.0 | N68: plug_type='CCS2' | power_type='120Kw - DC, 22Kw - AC' | O68: 2 | P68: Not Available | Q68: https://www.google.com/maps/search/?api=1&query=Birgunj%20Bus%20Park%2C%20Parsa%2C%20Birgunj%20Bus%20Park%2C%20Parsa | R68: Listed | S68: Not Available | T68: chargingstationsnepal.com (workbook: EV_Station_Data.xlsx, brand/partner network compilation) | U68: NO | V68: YES | W68: 2026-09-03 | X68: +977-1-4153051 | Y68: Operator hotline (web, not station-specific) | Z68: =IF($X68="Not Available","",TRIM(LEFT(SUBSTITUTE(SUBSTITUTE(SUBSTITUTE(SUBSTITUTE(SUBSTITUTE(SUBSTITUTE(SUBSTITUTE($X68," ",""),"-",""),"(",""),")",""),".",""),"+","")&"/","/",REPT(" ",60)),60))) -> 97714153051 | AA68: =IF($Z68="","",IF(ISNUMBER(-$Z68),IF(LEFT($Z68,3)="977",MID($Z68,4,20),$Z68),IF(ISNUMBER(SEARCH("977",$Z68)),MID($Z68,SEARCH("977",$Z68)+3,20),$Z68))) -> 14153051 | AB68: =IF($AA68="","",IF(LEFT($AA68,1)="0",MID($AA68,2,20),$AA68)) -> 14153051 | AC68: =IF($AB68="","Not Available","+977"&$AB68) -> +97714153051 | AD68: =IF($AB68="","Not Available",IF(AND(LEN($AB68)=10,LEFT($AB68,1)="9"),"Mobile",IF(AND(LEN($AB68)>=8,LEN($AB68)<=9),IF(ISNUMBER(SEARCH("/",$X68)),"Landline (multiple lines)","Landline"),"Unrecognised"))) -> Landline | AE68: =IF($AB68="","Not Available",IF(AND(ISNUMBER(-$AB68),$AD68<>"Unrecognised"),"Valid","Check format")) -> Valid
A69: EVNP-0034 | B69: EVNP-0034-P2 | C69: Birgunj Bus Park, Parsa | D69: NEA | E69: Birgunj Bus Park, Parsa | F69: Birgunj Bus Park, Parsa | G69: {=IFERROR(INDEX(City_Lookup!$B$2:$B$297,MATCH(TRUE,ISNUMBER(SEARCH(City_Lookup!$A$2:$A$297,$F69&" "&$E69)),0)),"Not Available")} -> Parsa | H69: =IFERROR(INDEX(City_Lookup!$E$2:$E$66,MATCH($G69,City_Lookup!$D$2:$D$66,0)),"Not Available") -> Madhesh | I69: CCS2 | J69: AC | L69: 22.0 | M69: 22.0 | N69: plug_type='CCS2' | power_type='120Kw - DC, 22Kw - AC' | O69: 2 | P69: Not Available | Q69: https://www.google.com/maps/search/?api=1&query=Birgunj%20Bus%20Park%2C%20Parsa%2C%20Birgunj%20Bus%20Park%2C%20Parsa | R69: Listed | S69: Not Available | T69: chargingstationsnepal.com (workbook: EV_Station_Data.xlsx, brand/partner network compilation) | U69: NO | V69: YES | W69: 2026-09-03 | X69: +977-1-4153051 | Y69: Operator hotline (web, not station-specific) | Z69: =IF($X69="Not Available","",TRIM(LEFT(SUBSTITUTE(SUBSTITUTE(SUBSTITUTE(SUBSTITUTE(SUBSTITUTE(SUBSTITUTE(SUBSTITUTE($X69," ",""),"-",""),"(",""),")",""),".",""),"+","")&"/","/",REPT(" ",60)),60))) -> 97714153051 | AA69: =IF($Z69="","",IF(ISNUMBER(-$Z69),IF(LEFT($Z69,3)="977",MID($Z69,4,20),$Z69),IF(ISNUMBER(SEARCH("977",$Z69)),MID($Z69,SEARCH("977",$Z69)+3,20),$Z69))) -> 14153051 | AB69: =IF($AA69="","",IF(LEFT($AA69,1)="0",MID($AA69,2,20),$AA69)) -> 14153051 | AC69: =IF($AB69="","Not Available","+977"&$AB69) -> +97714153051 | AD69: =IF($AB69="","Not Available",IF(AND(LEN($AB69)=10,LEFT($AB69,1)="9"),"Mobile",IF(AND(LEN($AB69)>=8,LEN($AB69)<=9),IF(ISNUMBER(SEARCH("/",$X69)),"Landline (multiple lines)","Landline"),"Unrecognised"))) -> Landline | AE69: =IF($AB69="","Not Available",IF(AND(ISNUMBER(-$AB69),$AD69<>"Unrecognised"),"Valid","Check format")) -> Valid
A70: EVNP-0035 | B70: EVNP-0035-P1 | C70: Attariya Bus Park, Kailali | D70: NEA | E70: Attariya Bus Park, Kailali | F70: Attariya Bus Park, Kailali | G70: {=IFERROR(INDEX(City_Lookup!$B$2:$B$297,MATCH(TRUE,ISNUMBER(SEARCH(City_Lookup!$A$2:$A$297,$F70&" "&$E70)),0)),"Not Available")} -> Kailali | H70: =IFERROR(INDEX(City_Lookup!$E$2:$E$66,MATCH($G70,City_Lookup!$D$2:$D$66,0)),"Not Available") -> Sudurpashchim | I70: CCS2 | J70: DC | K70: 120.0 | M70: 120.0 | N70: plug_type='CCS2' | power_type='120Kw - DC, 22Kw - AC' | O70: 2 | P70: Not Available | Q70: https://www.google.com/maps/search/?api=1&query=Attariya%20Bus%20Park%2C%20Kailali%2C%20Attariya%20Bus%20Park%2C%20Kailali | R70: Listed | S70: Not Available | T70: chargingstationsnepal.com (workbook: EV_Station_Data.xlsx, brand/partner network compilation) | U70: NO | V70: YES | W70: 2026-09-03 | X70: +977-1-4153051 | Y70: Operator hotline (web, not station-specific) | Z70: =IF($X70="Not Available","",TRIM(LEFT(SUBSTITUTE(SUBSTITUTE(SUBSTITUTE(SUBSTITUTE(SUBSTITUTE(SUBSTITUTE(SUBSTITUTE($X70," ",""),"-",""),"(",""),")",""),".",""),"+","")&"/","/",REPT(" ",60)),60))) -> 97714153051 | AA70: =IF($Z70="","",IF(ISNUMBER(-$Z70),IF(LEFT($Z70,3)="977",MID($Z70,4,20),$Z70),IF(ISNUMBER(SEARCH("977",$Z70)),MID($Z70,SEARCH("977",$Z70)+3,20),$Z70))) -> 14153051 | AB70: =IF($AA70="","",IF(LEFT($AA70,1)="0",MID($AA70,2,20),$AA70)) -> 14153051 | AC70: =IF($AB70="","Not Available","+977"&$AB70) -> +97714153051 | AD70: =IF($AB70="","Not Available",IF(AND(LEN($AB70)=10,LEFT($AB70,1)="9"),"Mobile",IF(AND(LEN($AB70)>=8,LEN($AB70)<=9),IF(ISNUMBER(SEARCH("/",$X70)),"Landline (multiple lines)","Landline"),"Unrecognised"))) -> Landline | AE70: =IF($AB70="","Not Available",IF(AND(ISNUMBER(-$AB70),$AD70<>"Unrecognised"),"Valid","Check format")) -> Valid
A71: EVNP-0035 | B71: EVNP-0035-P2 | C71: Attariya Bus Park, Kailali | D71: NEA | E71: Attariya Bus Park, Kailali | F71: Attariya Bus Park, Kailali | G71: {=IFERROR(INDEX(City_Lookup!$B$2:$B$297,MATCH(TRUE,ISNUMBER(SEARCH(City_Lookup!$A$2:$A$297,$F71&" "&$E71)),0)),"Not Available")} -> Kailali | H71: =IFERROR(INDEX(City_Lookup!$E$2:$E$66,MATCH($G71,City_Lookup!$D$2:$D$66,0)),"Not Available") -> Sudurpashchim | I71: CCS2 | J71: AC | L71: 22.0 | M71: 22.0 | N71: plug_type='CCS2' | power_type='120Kw - DC, 22Kw - AC' | O71: 2 | P71: Not Available | Q71: https://www.google.com/maps/search/?api=1&query=Attariya%20Bus%20Park%2C%20Kailali%2C%20Attariya%20Bus%20Park%2C%20Kailali | R71: Listed | S71: Not Available | T71: chargingstationsnepal.com (workbook: EV_Station_Data.xlsx, brand/partner network compilation) | U71: NO | V71: YES | W71: 2026-09-03 | X71: +977-1-4153051 | Y71: Operator hotline (web, not station-specific) | Z71: =IF($X71="Not Available","",TRIM(LEFT(SUBSTITUTE(SUBSTITUTE(SUBSTITUTE(SUBSTITUTE(SUBSTITUTE(SUBSTITUTE(SUBSTITUTE($X71," ",""),"-",""),"(",""),")",""),".",""),"+","")&"/","/",REPT(" ",60)),60))) -> 97714153051 | AA71: =IF($Z71="","",IF(ISNUMBER(-$Z71),IF(LEFT($Z71,3)="977",MID($Z71,4,20),$Z71),IF(ISNUMBER(SEARCH("977",$Z71)),MID($Z71,SEARCH("977",$Z71)+3,20),$Z71))) -> 14153051 | AB71: =IF($AA71="","",IF(LEFT($AA71,1)="0",MID($AA71,2,20),$AA71)) -> 14153051 | AC71: =IF($AB71="","Not Available","+977"&$AB71) -> +97714153051 | AD71: =IF($AB71="","Not Available",IF(AND(LEN($AB71)=10,LEFT($AB71,1)="9"),"Mobile",IF(AND(LEN($AB71)>=8,LEN($AB71)<=9),IF(ISNUMBER(SEARCH("/",$X71)),"Landline (multiple lines)","Landline"),"Unrecognised"))) -> Landline | AE71: =IF($AB71="","Not Available",IF(AND(ISNUMBER(-$AB71),$AD71<>"Unrecognised"),"Valid","Check format")) -> Valid
A72: EVNP-0036 | B72: EVNP-0036-P1 | C72: Tulsipur, Dang | D72: BYD | E72: Tulsipur, Dang | F72: Tulsipur, Dang | G72: {=IFERROR(INDEX(City_Lookup!$B$2:$B$297,MATCH(TRUE,ISNUMBER(SEARCH(City_Lookup!$A$2:$A$297,$F72&" "&$E72)),0)),"Not Available")} -> Dang | H72: =IFERROR(INDEX(City_Lookup!$E$2:$E$66,MATCH($G72,City_Lookup!$D$2:$D$66,0)),"Not Available") -> Lumbini | I72: CCS2 | J72: DC | K72: 30.0 | M72: 30.0 | N72: plug_type='CCS2' | power_type='DC (30 kW DC)' | O72: 1 | P72: +9779857822446 | Q72: https://www.google.com/maps/search/?api=1&query=Tulsipur%2C%20Dang%2C%20Tulsipur%2C%20Dang | R72: Listed | S72: Not Available | T72: chargingstationsnepal.com (workbook: EV_Station_Data.xlsx, brand/partner network compilation) | U72: NO | V72: YES | W72: 2026-09-03 | X72: +9779857822446 | Y72: From source | Z72: =IF($X72="Not Available","",TRIM(LEFT(SUBSTITUTE(SUBSTITUTE(SUBSTITUTE(SUBSTITUTE(SUBSTITUTE(SUBSTITUTE(SUBSTITUTE($X72," ",""),"-",""),"(",""),")",""),".",""),"+","")&"/","/",REPT(" ",60)),60))) -> 9779857822446 | AA72: =IF($Z72="","",IF(ISNUMBER(-$Z72),IF(LEFT($Z72,3)="977",MID($Z72,4,20),$Z72),IF(ISNUMBER(SEARCH("977",$Z72)),MID($Z72,SEARCH("977",$Z72)+3,20),$Z72))) -> 9857822446 | AB72: =IF($AA72="","",IF(LEFT($AA72,1)="0",MID($AA72,2,20),$AA72)) -> 9857822446 | AC72: =IF($AB72="","Not Available","+977"&$AB72) -> +9779857822446 | AD72: =IF($AB72="","Not Available",IF(AND(LEN($AB72)=10,LEFT($AB72,1)="9"),"Mobile",IF(AND(LEN($AB72)>=8,LEN($AB72)<=9),IF(ISNUMBER(SEARCH("/",$X72)),"Landline (multiple lines)","Landline"),"Unrecognised"))) -> Mobile | AE72: =IF($AB72="","Not Available",IF(AND(ISNUMBER(-$AB72),$AD72<>"Unrecognised"),"Valid","Check format")) -> Valid
A73: EVNP-0037 | B73: EVNP-0037-P1 | C73: Siddharthanagar, Bhairahawa | D73: BYD | E73: Siddharthanagar, Bhairahawa | F73: Siddharthanagar, Bhairahawa | G73: {=IFERROR(INDEX(City_Lookup!$B$2:$B$297,MATCH(TRUE,ISNUMBER(SEARCH(City_Lookup!$A$2:$A$297,$F73&" "&$E73)),0)),"Not Available")} -> Rupandehi | H73: =IFERROR(INDEX(City_Lookup!$E$2:$E$66,MATCH($G73,City_Lookup!$D$2:$D$66,0)),"Not Available") -> Lumbini | I73: CCS2 | J73: DC | K73: 30.0 | M73: 30.0 | N73: plug_type='CCS2' | power_type='DC (30 kW DC)' | O73: 1 | P73: +9779857077797 | Q73: https://www.google.com/maps/search/?api=1&query=Siddharthanagar%2C%20Bhairahawa%2C%20Siddharthanagar%2C%20Bhairahawa | R73: Listed | S73: Not Available | T73: chargingstationsnepal.com (workbook: EV_Station_Data.xlsx, brand/partner network compilation) | U73: NO | V73: YES | W73: 2026-09-03 | X73: +9779857077797 | Y73: From source | Z73: =IF($X73="Not Available","",TRIM(LEFT(SUBSTITUTE(SUBSTITUTE(SUBSTITUTE(SUBSTITUTE(SUBSTITUTE(SUBSTITUTE(SUBSTITUTE($X73," ",""),"-",""),"(",""),")",""),".",""),"+","")&"/","/",REPT(" ",60)),60))) -> 9779857077797 | AA73: =IF($Z73="","",IF(ISNUMBER(-$Z73),IF(LEFT($Z73,3)="977",MID($Z73,4,20),$Z73),IF(ISNUMBER(SEARCH("977",$Z73)),MID($Z73,SEARCH("977",$Z73)+3,20),$Z73))) -> 9857077797 | AB73: =IF($AA73="","",IF(LEFT($AA73,1)="0",MID($AA73,2,20),$AA73)) -> 9857077797 | AC73: =IF($AB73="","Not Available","+977"&$AB73) -> +9779857077797 | AD73: =IF($AB73="","Not Available",IF(AND(LEN($AB73)=10,LEFT($AB73,1)="9"),"Mobile",IF(AND(LEN($AB73)>=8,LEN($AB73)<=9),IF(ISNUMBER(SEARCH("/",$X73)),"Landline (multiple lines)","Landline"),"Unrecognised"))) -> Mobile | AE73: =IF($AB73="","Not Available",IF(AND(ISNUMBER(-$AB73),$AD73<>"Unrecognised"),"Valid","Check format")) -> Valid
A74: EVNP-0038 | B74: EVNP-0038-P1 | C74: Shakti Auto Parts, Kohalpur Banke | D74: BYD | E74: Shakti Auto Parts, Kohalpur Banke | F74: Shakti Auto Parts, Kohalpur Banke | G74: {=IFERROR(INDEX(City_Lookup!$B$2:$B$297,MATCH(TRUE,ISNUMBER(SEARCH(City_Lookup!$A$2:$A$297,$F74&" "&$E74)),0)),"Not Available")} -> Banke | H74: =IFERROR(INDEX(City_Lookup!$E$2:$E$66,MATCH($G74,City_Lookup!$D$2:$D$66,0)),"Not Available") -> Lumbini | I74: CCS2 | J74: DC | K74: 30.0 | M74: 30.0 | N74: plug_type='CCS2' | power_type='DC (30 kW DC)' | O74: 1 | P74: +9779858041349 | Q74: https://www.google.com/maps/search/?api=1&query=Shakti%20Auto%20Parts%2C%20Kohalpur%20Banke%2C%20Shakti%20Auto%20Parts%2C%20Kohalpur%20Banke | R74: Listed | S74: Not Available | T74: chargingstationsnepal.com (workbook: EV_Station_Data.xlsx, brand/partner network compilation) | U74: NO | V74: YES | W74: 2026-09-03 | X74: +9779858041349 | Y74: From source | Z74: =IF($X74="Not Available","",TRIM(LEFT(SUBSTITUTE(SUBSTITUTE(SUBSTITUTE(SUBSTITUTE(SUBSTITUTE(SUBSTITUTE(SUBSTITUTE($X74," ",""),"-",""),"(",""),")",""),".",""),"+","")&"/","/",REPT(" ",60)),60))) -> 9779858041349 | AA74: =IF($Z74="","",IF(ISNUMBER(-$Z74),IF(LEFT($Z74,3)="977",MID($Z74,4,20),$Z74),IF(ISNUMBER(SEARCH("977",$Z74)),MID($Z74,SEARCH("977",$Z74)+3,20),$Z74))) -> 9858041349 | AB74: =IF($AA74="","",IF(LEFT($AA74,1)="0",MID($AA74,2,20),$AA74)) -> 9858041349 | AC74: =IF($AB74="","Not Available","+977"&$AB74) -> +9779858041349 | AD74: =IF($AB74="","Not Available",IF(AND(LEN($AB74)=10,LEFT($AB74,1)="9"),"Mobile",IF(AND(LEN($AB74)>=8,LEN($AB74)<=9),IF(ISNUMBER(SEARCH("/",$X74)),"Landline (multiple lines)","Landline"),"Unrecognised"))) -> Mobile | AE74: =IF($AB74="","Not Available",IF(AND(ISNUMBER(-$AB74),$AD74<>"Unrecognised"),"Valid","Check format")) -> Valid
A75: EVNP-0039 | B75: EVNP-0039-P1 | C75: Naivedya Restaurant, Birtamod | D75: BYD | E75: Naivedya Restaurant, Birtamod | F75: Naivedya Restaurant, Birtamod | G75: {=IFERROR(INDEX(City_Lookup!$B$2:$B$297,MATCH(TRUE,ISNUMBER(SEARCH(City_Lookup!$A$2:$A$297,$F75&" "&$E75)),0)),"Not Available")} -> Jhapa | H75: =IFERROR(INDEX(City_Lookup!$E$2:$E$66,MATCH($G75,City_Lookup!$D$2:$D$66,0)),"Not Available") -> Koshi | I75: CCS2 | J75: DC | K75: 30.0 | M75: 30.0 | N75: plug_type='CCS2' | power_type='DC (30 kW DC)' | O75: 1 | P75: +9779801455777 | Q75: https://www.google.com/maps/search/?api=1&query=Naivedya%20Restaurant%2C%20Birtamod%2C%20Naivedya%20Restaurant%2C%20Birtamod | R75: Listed | S75: Not Available | T75: chargingstationsnepal.com (workbook: EV_Station_Data.xlsx, brand/partner network compilation) | U75: NO | V75: YES | W75: 2026-09-03 | X75: +9779801455777 | Y75: From source | Z75: =IF($X75="Not Available","",TRIM(LEFT(SUBSTITUTE(SUBSTITUTE(SUBSTITUTE(SUBSTITUTE(SUBSTITUTE(SUBSTITUTE(SUBSTITUTE($X75," ",""),"-",""),"(",""),")",""),".",""),"+","")&"/","/",REPT(" ",60)),60))) -> 9779801455777 | AA75: =IF($Z75="","",IF(ISNUMBER(-$Z75),IF(LEFT($Z75,3)="977",MID($Z75,4,20),$Z75),IF(ISNUMBER(SEARCH("977",$Z75)),MID($Z75,SEARCH("977",$Z75)+3,20),$Z75))) -> 9801455777 | AB75: =IF($AA75="","",IF(LEFT($AA75,1)="0",MID($AA75,2,20),$AA75)) -> 9801455777 | AC75: =IF($AB75="","Not Available","+977"&$AB75) -> +9779801455777 | AD75: =IF($AB75="","Not Available",IF(AND(LEN($AB75)=10,LEFT($AB75,1)="9"),"Mobile",IF(AND(LEN($AB75)>=8,LEN($AB75)<=9),IF(ISNUMBER(SEARCH("/",$X75)),"Landline (multiple lines)","Landline"),"Unrecognised"))) -> Mobile | AE75: =IF($AB75="","Not Available",IF(AND(ISNUMBER(-$AB75),$AD75<>"Unrecognised"),"Valid","Check format")) -> Valid
A76: EVNP-0040 | B76: EVNP-0040-P1 | C76: Lamahi, Dang | D76: BYD | E76: Lamahi, Dang | F76: Lamahi, Dang | G76: {=IFERROR(INDEX(City_Lookup!$B$2:$B$297,MATCH(TRUE,ISNUMBER(SEARCH(City_Lookup!$A$2:$A$297,$F76&" "&$E76)),0)),"Not Available")} -> Dang | H76: =IFERROR(INDEX(City_Lookup!$E$2:$E$66,MATCH($G76,City_Lookup!$D$2:$D$66,0)),"Not Available") -> Lumbini | I76: CCS2 | J76: DC | K76: 30.0 | M76: 30.0 | N76: plug_type='CCS2' | power_type='DC (30 kW DC)' | O76: 1 | P76: +9779857822446 | Q76: https://www.google.com/maps/search/?api=1&query=Lamahi%2C%20Dang%2C%20Lamahi%2C%20Dang | R76: Listed | S76: Not Available | T76: chargingstationsnepal.com (workbook: EV_Station_Data.xlsx, brand/partner network compilation) | U76: NO | V76: YES | W76: 2026-09-03 | X76: +9779857822446 | Y76: From source | Z76: =IF($X76="Not Available","",TRIM(LEFT(SUBSTITUTE(SUBSTITUTE(SUBSTITUTE(SUBSTITUTE(SUBSTITUTE(SUBSTITUTE(SUBSTITUTE($X76," ",""),"-",""),"(",""),")",""),".",""),"+","")&"/","/",REPT(" ",60)),60))) -> 9779857822446 | AA76: =IF($Z76="","",IF(ISNUMBER(-$Z76),IF(LEFT($Z76,3)="977",MID($Z76,4,20),$Z76),IF(ISNUMBER(SEARCH("977",$Z76)),MID($Z76,SEARCH("977",$Z76)+3,20),$Z76))) -> 9857822446 | AB76: =IF($AA76="","",IF(LEFT($AA76,1)="0",MID($AA76,2,20),$AA76)) -> 9857822446 | AC76: =IF($AB76="","Not Available","+977"&$AB76) -> +9779857822446 | AD76: =IF($AB76="","Not Available",IF(AND(LEN($AB76)=10,LEFT($AB76,1)="9"),"Mobile",IF(AND(LEN($AB76)>=8,LEN($AB76)<=9),IF(ISNUMBER(SEARCH("/",$X76)),"Landline (multiple lines)","Landline"),"Unrecognised"))) -> Mobile | AE76: =IF($AB76="","Not Available",IF(AND(ISNUMBER(-$AB76),$AD76<>"Unrecognised"),"Valid","Check format")) -> Valid
A77: EVNP-0041 | B77: EVNP-0041-P1 | C77: Yak Brewing Company, Kurintar | D77: BYD | E77: Yak Brewing Company, Kurintar | F77: Yak Brewing Company, Kurintar | G77: {=IFERROR(INDEX(City_Lookup!$B$2:$B$297,MATCH(TRUE,ISNUMBER(SEARCH(City_Lookup!$A$2:$A$297,$F77&" "&$E77)),0)),"Not Available")} -> Chitwan | H77: =IFERROR(INDEX(City_Lookup!$E$2:$E$66,MATCH($G77,City_Lookup!$D$2:$D$66,0)),"Not Available") -> Bagmati | I77: CCS2 | J77: DC | K77: 30.0 | M77: 30.0 | N77: plug_type='CCS2' | power_type='DC (30 kW DC)' | O77: 1 | P77: +9779857822446 | Q77: https://www.google.com/maps/search/?api=1&query=Yak%20Brewing%20Company%2C%20Kurintar%2C%20Yak%20Brewing%20Company%2C%20Kurintar | R77: Listed | S77: Not Available | T77: chargingstationsnepal.com (workbook: EV_Station_Data.xlsx, brand/partner network compilation) | U77: NO | V77: YES | W77: 2026-09-03 | X77: +9779857822446 | Y77: From source | Z77: =IF($X77="Not Available","",TRIM(LEFT(SUBSTITUTE(SUBSTITUTE(SUBSTITUTE(SUBSTITUTE(SUBSTITUTE(SUBSTITUTE(SUBSTITUTE($X77," ",""),"-",""),"(",""),")",""),".",""),"+","")&"/","/",REPT(" ",60)),60))) -> 9779857822446 | AA77: =IF($Z77="","",IF(ISNUMBER(-$Z77),IF(LEFT($Z77,3)="977",MID($Z77,4,20),$Z77),IF(ISNUMBER(SEARCH("977",$Z77)),MID($Z77,SEARCH("977",$Z77)+3,20),$Z77))) -> 9857822446 | AB77: =IF($AA77="","",IF(LEFT($AA77,1)="0",MID($AA77,2,20),$AA77)) -> 9857822446 | AC77: =IF($AB77="","Not Available","+977"&$AB77) -> +9779857822446 | AD77: =IF($AB77="","Not Available",IF(AND(LEN($AB77)=10,LEFT($AB77,1)="9"),"Mobile",IF(AND(LEN($AB77)>=8,LEN($AB77)<=9),IF(ISNUMBER(SEARCH("/",$X77)),"Landline (multiple lines)","Landline"),"Unrecognised"))) -> Mobile | AE77: =IF($AB77="","Not Available",IF(AND(ISNUMBER(-$AB77),$AD77<>"Unrecognised"),"Valid","Check format")) -> Valid
A78: EVNP-0042 | B78: EVNP-0042-P1 | C78: Kalikanagar, Butwal | D78: BYD | E78: Kalikanagar, Butwal | F78: Kalikanagar, Butwal | G78: {=IFERROR(INDEX(City_Lookup!$B$2:$B$297,MATCH(TRUE,ISNUMBER(SEARCH(City_Lookup!$A$2:$A$297,$F78&" "&$E78)),0)),"Not Available")} -> Rupandehi | H78: =IFERROR(INDEX(City_Lookup!$E$2:$E$66,MATCH($G78,City_Lookup!$D$2:$D$66,0)),"Not Available") -> Lumbini | I78: CCS2 | J78: DC | K78: 30.0 | M78: 30.0 | N78: plug_type='CCS2' | power_type='DC (30 kW DC)' | O78: 1 | P78: +9779857077797 | Q78: https://www.google.com/maps/search/?api=1&query=Kalikanagar%2C%20Butwal%2C%20Kalikanagar%2C%20Butwal | R78: Listed | S78: Not Available | T78: chargingstationsnepal.com (workbook: EV_Station_Data.xlsx, brand/partner network compilation) | U78: NO | V78: YES | W78: 2026-09-03 | X78: +9779857077797 | Y78: From source | Z78: =IF($X78="Not Available","",TRIM(LEFT(SUBSTITUTE(SUBSTITUTE(SUBSTITUTE(SUBSTITUTE(SUBSTITUTE(SUBSTITUTE(SUBSTITUTE($X78," ",""),"-",""),"(",""),")",""),".",""),"+","")&"/","/",REPT(" ",60)),60))) -> 9779857077797 | AA78: =IF($Z78="","",IF(ISNUMBER(-$Z78),IF(LEFT($Z78,3)="977",MID($Z78,4,20),$Z78),IF(ISNUMBER(SEARCH("977",$Z78)),MID($Z78,SEARCH("977",$Z78)+3,20),$Z78))) -> 9857077797 | AB78: =IF($AA78="","",IF(LEFT($AA78,1)="0",MID($AA78,2,20),$AA78)) -> 9857077797 | AC78: =IF($AB78="","Not Available","+977"&$AB78) -> +9779857077797 | AD78: =IF($AB78="","Not Available",IF(AND(LEN($AB78)=10,LEFT($AB78,1)="9"),"Mobile",IF(AND(LEN($AB78)>=8,LEN($AB78)<=9),IF(ISNUMBER(SEARCH("/",$X78)),"Landline (multiple lines)","Landline"),"Unrecognised"))) -> Mobile | AE78: =IF($AB78="","Not Available",IF(AND(ISNUMBER(-$AB78),$AD78<>"Unrecognised"),"Valid","Check format")) -> Valid
A79: EVNP-0043 | B79: EVNP-0043-P1 | C79: Hotel Royal, Buspark Tulsipuar | D79: BYD | E79: Hotel Royal, Buspark Tulsipuar | F79: Hotel Royal, Buspark Tulsipuar | G79: {=IFERROR(INDEX(City_Lookup!$B$2:$B$297,MATCH(TRUE,ISNUMBER(SEARCH(City_Lookup!$A$2:$A$297,$F79&" "&$E79)),0)),"Not Available")} -> Dang | H79: =IFERROR(INDEX(City_Lookup!$E$2:$E$66,MATCH($G79,City_Lookup!$D$2:$D$66,0)),"Not Available") -> Lumbini | I79: CCS2 | J79: DC | K79: 30.0 | M79: 30.0 | N79: plug_type='CCS2' | power_type='DC (30 kW DC)' | O79: 1 | P79: +9779816452720 | Q79: https://www.google.com/maps/search/?api=1&query=Hotel%20Royal%2C%20Buspark%20Tulsipuar%2C%20Hotel%20Royal%2C%20Buspark%20Tulsipuar | R79: Listed | S79: Not Available | T79: chargingstationsnepal.com (workbook: EV_Station_Data.xlsx, brand/partner network compilation) | U79: NO | V79: YES | W79: 2026-09-03 | X79: +9779816452720 | Y79: From source | Z79: =IF($X79="Not Available","",TRIM(LEFT(SUBSTITUTE(SUBSTITUTE(SUBSTITUTE(SUBSTITUTE(SUBSTITUTE(SUBSTITUTE(SUBSTITUTE($X79," ",""),"-",""),"(",""),")",""),".",""),"+","")&"/","/",REPT(" ",60)),60))) -> 9779816452720 | AA79: =IF($Z79="","",IF(ISNUMBER(-$Z79),IF(LEFT($Z79,3)="977",MID($Z79,4,20),$Z79),IF(ISNUMBER(SEARCH("977",$Z79)),MID($Z79,SEARCH("977",$Z79)+3,20),$Z79))) -> 9816452720 | AB79: =IF($AA79="","",IF(LEFT($AA79,1)="0",MID($AA79,2,20),$AA79)) -> 9816452720 | AC79: =IF($AB79="","Not Available","+977"&$AB79) -> +9779816452720 | AD79: =IF($AB79="","Not Available",IF(AND(LEN($AB79)=10,LEFT($AB79,1)="9"),"Mobile",IF(AND(LEN($AB79)>=8,LEN($AB79)<=9),IF(ISNUMBER(SEARCH("/",$X79)),"Landline (multiple lines)","Landline"),"Unrecognised"))) -> Mobile | AE79: =IF($AB79="","Not Available",IF(AND(ISNUMBER(-$AB79),$AD79<>"Unrecognised"),"Valid","Check format")) -> Valid
A80: EVNP-0044 | B80: EVNP-0044-P1 | C80: Ghorahi, Dang | D80: BYD | E80: Ghorahi, Dang | F80: Ghorahi, Dang | G80: {=IFERROR(INDEX(City_Lookup!$B$2:$B$297,MATCH(TRUE,ISNUMBER(SEARCH(City_Lookup!$A$2:$A$297,$F80&" "&$E80)),0)),"Not Available")} -> Dang | H80: =IFERROR(INDEX(City_Lookup!$E$2:$E$66,MATCH($G80,City_Lookup!$D$2:$D$66,0)),"Not Available") -> Lumbini | I80: CCS2 | J80: DC | K80: 30.0 | M80: 30.0 | N80: plug_type='CCS2' | power_type='DC (30 kW DC)' | O80: 1 | P80: +9779857822446 | Q80: https://www.google.com/maps/search/?api=1&query=Ghorahi%2C%20Dang%2C%20Ghorahi%2C%20Dang | R80: Listed | S80: Not Available | T80: chargingstationsnepal.com (workbook: EV_Station_Data.xlsx, brand/partner network compilation) | U80: NO | V80: YES | W80: 2026-09-03 | X80: +9779857822446 | Y80: From source | Z80: =IF($X80="Not Available","",TRIM(LEFT(SUBSTITUTE(SUBSTITUTE(SUBSTITUTE(SUBSTITUTE(SUBSTITUTE(SUBSTITUTE(SUBSTITUTE($X80," ",""),"-",""),"(",""),")",""),".",""),"+","")&"/","/",REPT(" ",60)),60))) -> 9779857822446 | AA80: =IF($Z80="","",IF(ISNUMBER(-$Z80),IF(LEFT($Z80,3)="977",MID($Z80,4,20),$Z80),IF(ISNUMBER(SEARCH("977",$Z80)),MID($Z80,SEARCH("977",$Z80)+3,20),$Z80))) -> 9857822446 | AB80: =IF($AA80="","",IF(LEFT($AA80,1)="0",MID($AA80,2,20),$AA80)) -> 9857822446 | AC80: =IF($AB80="","Not Available","+977"&$AB80) -> +9779857822446 | AD80: =IF($AB80="","Not Available",IF(AND(LEN($AB80)=10,LEFT($AB80,1)="9"),"Mobile",IF(AND(LEN($AB80)>=8,LEN($AB80)<=9),IF(ISNUMBER(SEARCH("/",$X80)),"Landline (multiple lines)","Landline"),"Unrecognised"))) -> Mobile | AE80: =IF($AB80="","Not Available",IF(AND(ISNUMBER(-$AB80),$AD80<>"Unrecognised"),"Valid","Check format")) -> Valid
A81: EVNP-0045 | B81: EVNP-0045-P1 | C81: Ganapati Café, Birtamod | D81: BYD | E81: Ganapati Café, Birtamod | F81: Ganapati Café, Birtamod | G81: {=IFERROR(INDEX(City_Lookup!$B$2:$B$297,MATCH(TRUE,ISNUMBER(SEARCH(City_Lookup!$A$2:$A$297,$F81&" "&$E81)),0)),"Not Available")} -> Jhapa | H81: =IFERROR(INDEX(City_Lookup!$E$2:$E$66,MATCH($G81,City_Lookup!$D$2:$D$66,0)),"Not Available") -> Koshi | I81: CCS2 | J81: DC | K81: 30.0 | M81: 30.0 | N81: plug_type='CCS2' | power_type='DC (30 kW DC)' | O81: 1 | P81: +9779857822446 | Q81: https://www.google.com/maps/search/?api=1&query=Ganapati%20Caf%C3%A9%2C%20Birtamod%2C%20Ganapati%20Caf%C3%A9%2C%20Birtamod | R81: Listed | S81: Not Available | T81: chargingstationsnepal.com (workbook: EV_Station_Data.xlsx, brand/partner network compilation) | U81: NO | V81: YES | W81: 2026-09-03 | X81: +9779857822446 | Y81: From source | Z81: =IF($X81="Not Available","",TRIM(LEFT(SUBSTITUTE(SUBSTITUTE(SUBSTITUTE(SUBSTITUTE(SUBSTITUTE(SUBSTITUTE(SUBSTITUTE($X81," ",""),"-",""),"(",""),")",""),".",""),"+","")&"/","/",REPT(" ",60)),60))) -> 9779857822446 | AA81: =IF($Z81="","",IF(ISNUMBER(-$Z81),IF(LEFT($Z81,3)="977",MID($Z81,4,20),$Z81),IF(ISNUMBER(SEARCH("977",$Z81)),MID($Z81,SEARCH("977",$Z81)+3,20),$Z81))) -> 9857822446 | AB81: =IF($AA81="","",IF(LEFT($AA81,1)="0",MID($AA81,2,20),$AA81)) -> 9857822446 | AC81: =IF($AB81="","Not Available","+977"&$AB81) -> +9779857822446 | AD81: =IF($AB81="","Not Available",IF(AND(LEN($AB81)=10,LEFT($AB81,1)="9"),"Mobile",IF(AND(LEN($AB81)>=8,LEN($AB81)<=9),IF(ISNUMBER(SEARCH("/",$X81)),"Landline (multiple lines)","Landline"),"Unrecognised"))) -> Mobile | AE81: =IF($AB81="","Not Available",IF(AND(ISNUMBER(-$AB81),$AD81<>"Unrecognised"),"Valid","Check format")) -> Valid
A82: EVNP-0046 | B82: EVNP-0046-P1 | C82: CMT Resort, Chitwan | D82: BYD | E82: CMT Resort, Chitwan | F82: CMT Resort, Chitwan | G82: {=IFERROR(INDEX(City_Lookup!$B$2:$B$297,MATCH(TRUE,ISNUMBER(SEARCH(City_Lookup!$A$2:$A$297,$F82&" "&$E82)),0)),"Not Available")} -> Chitwan | H82: =IFERROR(INDEX(City_Lookup!$E$2:$E$66,MATCH($G82,City_Lookup!$D$2:$D$66,0)),"Not Available") -> Bagmati | I82: CCS2 | J82: DC | K82: 30.0 | M82: 30.0 | N82: plug_type='CCS2' | power_type='DC (30 kW DC)' | O82: 1 | P82: +9779857822446 | Q82: https://www.google.com/maps/search/?api=1&query=CMT%20Resort%2C%20Chitwan%2C%20CMT%20Resort%2C%20Chitwan | R82: Listed | S82: Not Available | T82: chargingstationsnepal.com (workbook: EV_Station_Data.xlsx, brand/partner network compilation) | U82: NO | V82: YES | W82: 2026-09-03 | X82: +9779857822446 | Y82: From source | Z82: =IF($X82="Not Available","",TRIM(LEFT(SUBSTITUTE(SUBSTITUTE(SUBSTITUTE(SUBSTITUTE(SUBSTITUTE(SUBSTITUTE(SUBSTITUTE($X82," ",""),"-",""),"(",""),")",""),".",""),"+","")&"/","/",REPT(" ",60)),60))) -> 9779857822446 | AA82: =IF($Z82="","",IF(ISNUMBER(-$Z82),IF(LEFT($Z82,3)="977",MID($Z82,4,20),$Z82),IF(ISNUMBER(SEARCH("977",$Z82)),MID($Z82,SEARCH("977",$Z82)+3,20),$Z82))) -> 9857822446 | AB82: =IF($AA82="","",IF(LEFT($AA82,1)="0",MID($AA82,2,20),$AA82)) -> 9857822446 | AC82: =IF($AB82="","Not Available","+977"&$AB82) -> +9779857822446 | AD82: =IF($AB82="","Not Available",IF(AND(LEN($AB82)=10,LEFT($AB82,1)="9"),"Mobile",IF(AND(LEN($AB82)>=8,LEN($AB82)<=9),IF(ISNUMBER(SEARCH("/",$X82)),"Landline (multiple lines)","Landline"),"Unrecognised"))) -> Mobile | AE82: =IF($AB82="","Not Available",IF(AND(ISNUMBER(-$AB82),$AD82<>"Unrecognised"),"Valid","Check format")) -> Valid
A83: EVNP-0047 | B83: EVNP-0047-P1 | C83: Central Plaza, Itahari | D83: BYD | E83: Central Plaza, Itahari | F83: Central Plaza, Itahari | G83: {=IFERROR(INDEX(City_Lookup!$B$2:$B$297,MATCH(TRUE,ISNUMBER(SEARCH(City_Lookup!$A$2:$A$297,$F83&" "&$E83)),0)),"Not Available")} -> Sunsari | H83: =IFERROR(INDEX(City_Lookup!$E$2:$E$66,MATCH($G83,City_Lookup!$D$2:$D$66,0)),"Not Available") -> Koshi | I83: CCS2 | J83: DC | K83: 30.0 | M83: 30.0 | N83: plug_type='CCS2' | power_type='DC (30 kW DC)' | O83: 1 | P83: +9779857822446 | Q83: https://www.google.com/maps/search/?api=1&query=Central%20Plaza%2C%20Itahari%2C%20Central%20Plaza%2C%20Itahari | R83: Listed | S83: Not Available | T83: chargingstationsnepal.com (workbook: EV_Station_Data.xlsx, brand/partner network compilation) | U83: NO | V83: YES | W83: 2026-09-03 | X83: +9779857822446 | Y83: From source | Z83: =IF($X83="Not Available","",TRIM(LEFT(SUBSTITUTE(SUBSTITUTE(SUBSTITUTE(SUBSTITUTE(SUBSTITUTE(SUBSTITUTE(SUBSTITUTE($X83," ",""),"-",""),"(",""),")",""),".",""),"+","")&"/","/",REPT(" ",60)),60))) -> 9779857822446 | AA83: =IF($Z83="","",IF(ISNUMBER(-$Z83),IF(LEFT($Z83,3)="977",MID($Z83,4,20),$Z83),IF(ISNUMBER(SEARCH("977",$Z83)),MID($Z83,SEARCH("977",$Z83)+3,20),$Z83))) -> 9857822446 | AB83: =IF($AA83="","",IF(LEFT($AA83,1)="0",MID($AA83,2,20),$AA83)) -> 9857822446 | AC83: =IF($AB83="","Not Available","+977"&$AB83) -> +9779857822446 | AD83: =IF($AB83="","Not Available",IF(AND(LEN($AB83)=10,LEFT($AB83,1)="9"),"Mobile",IF(AND(LEN($AB83)>=8,LEN($AB83)<=9),IF(ISNUMBER(SEARCH("/",$X83)),"Landline (multiple lines)","Landline"),"Unrecognised"))) -> Mobile | AE83: =IF($AB83="","Not Available",IF(AND(ISNUMBER(-$AB83),$AD83<>"Unrecognised"),"Valid","Check format")) -> Valid
... A93: EVNP-0057 | B93: EVNP-0057-P1 | C93: Astabhuja Oil Distributor, Chitwan | D93: BYD | E93: Astabhuja Oil Distributor, Chitwan | F93: Astabhuja Oil Distributor, Chitwan | G93: {=IFERROR(INDEX(City_Lookup!$B$2:$B$297,MATCH(TRUE,ISNUMBER(SEARCH(City_Lookup!$A$2:$A$297,$F93&" "&$E93)),0)),"Not Available")} -> Chitwan | H93: =IFERROR(INDEX(City_Lookup!$E$2:$E$66,MATCH($G93,City_Lookup!$D$2:$D$66,0)),"Not Available") -> Bagmati | I93: CCS2 | J93: DC | K93: 30.0 | M93: 30.0 | N93: plug_type='CCS2' | power_type='DC (30 kW DC)' | O93: 1 | P93: +9779801360526 | Q93: https://www.google.com/maps/search/?api=1&query=Astabhuja%20Oil%20Distributor%2C%20Chitwan%2C%20Astabhuja%20Oil%20Distributor%2C%20Chitwan | R93: Listed | S93: Not Available | T93: chargingstationsnepal.com (workbook: EV_Station_Data.xlsx, brand/partner network compilation) | U93: NO | V93: YES | W93: 2026-09-03 | X93: +9779801360526 | Y93: From source | Z93: =IF($X93="Not Available","",TRIM(LEFT(SUBSTITUTE(SUBSTITUTE(SUBSTITUTE(SUBSTITUTE(SUBSTITUTE(SUBSTITUTE(SUBSTITUTE($X93," ",""),"-",""),"(",""),")",""),".",""),"+","")&"/","/",REPT(" ",60)),60))) -> 9779801360526 | AA93: =IF($Z93="","",IF(ISNUMBER(-$Z93),IF(LEFT($Z93,3)="977",MID($Z93,4,20),$Z93),IF(ISNUMBER(SEARCH("977",$Z93)),MID($Z93,SEARCH("977",$Z93)+3,20),$Z93))) -> 9801360526 | AB93: =IF($AA93="","",IF(LEFT($AA93,1)="0",MID($AA93,2,20),$AA93)) -> 9801360526 | AC93: =IF($AB93="","Not Available","+977"&$AB93) -> +9779801360526 | AD93: =IF($AB93="","Not Available",IF(AND(LEN($AB93)=10,LEFT($AB93,1)="9"),"Mobile",IF(AND(LEN($AB93)>=8,LEN($AB93)<=9),IF(ISNUMBER(SEARCH("/",$X93)),"Landline (multiple lines)","Landline"),"Unrecognised"))) -> Mobile | AE93: =IF($AB93="","Not Available",IF(AND(ISNUMBER(-$AB93),$AD93<>"Unrecognised"),"Valid","Check format")) -> Valid
A94: EVNP-0058 | B94: EVNP-0058-P1 | C94: Thapathali EV showroom, Thapathali | D94: Hyundai | E94: Thapathali EV showroom, Thapathali | F94: Thapathali EV showroom, Thapathali | G94: {=IFERROR(INDEX(City_Lookup!$B$2:$B$297,MATCH(TRUE,ISNUMBER(SEARCH(City_Lookup!$A$2:$A$297,$F94&" "&$E94)),0)),"Not Available")} -> Kathmandu | H94: =IFERROR(INDEX(City_Lookup!$E$2:$E$66,MATCH($G94,City_Lookup!$D$2:$D$66,0)),"Not Available") -> Bagmati | I94: CCS2 | J94: AC | L94: 7.2 | M94: 7.2 | N94: plug_type='CCS2' | power_type='7.2Kw - AC' | O94: 1 | P94: +977-01-5911553/5911554/5911556 | Q94: https://www.google.com/maps/search/?api=1&query=Thapathali%20EV%20showroom%2C%20Thapathali%2C%20Thapathali%20EV%20showroom%2C%20Thapathali | R94: Listed | S94: Not Available | T94: chargingstationsnepal.com (workbook: EV_Station_Data.xlsx, brand/partner network compilation) | U94: NO | V94: YES | W94: 2026-09-03 | X94: +977-01-5911553/5911554/5911556 | Y94: From source | Z94: =IF($X94="Not Available","",TRIM(LEFT(SUBSTITUTE(SUBSTITUTE(SUBSTITUTE(SUBSTITUTE(SUBSTITUTE(SUBSTITUTE(SUBSTITUTE($X94," ",""),"-",""),"(",""),")",""),".",""),"+","")&"/","/",REPT(" ",60)),60))) -> 977015911553 | AA94: =IF($Z94="","",IF(ISNUMBER(-$Z94),IF(LEFT($Z94,3)="977",MID($Z94,4,20),$Z94),IF(ISNUMBER(SEARCH("977",$Z94)),MID($Z94,SEARCH("977",$Z94)+3,20),$Z94))) -> 015911553 | AB94: =IF($AA94="","",IF(LEFT($AA94,1)="0",MID($AA94,2,20),$AA94)) -> 15911553 | AC94: =IF($AB94="","Not Available","+977"&$AB94) -> +97715911553 | AD94: =IF($AB94="","Not Available",IF(AND(LEN($AB94)=10,LEFT($AB94,1)="9"),"Mobile",IF(AND(LEN($AB94)>=8,LEN($AB94)<=9),IF(ISNUMBER(SEARCH("/",$X94)),"Landline (multiple lines)","Landline"),"Unrecognised"))) -> Landline (multiple lines) | AE94: =IF($AB94="","Not Available",IF(AND(ISNUMBER(-$AB94),$AD94<>"Unrecognised"),"Valid","Check format")) -> Valid
A95: EVNP-0059 | B95: EVNP-0059-P1 | C95: Orchid Moto Corp, Birgunj | D95: Hyundai | E95: Orchid Moto Corp, Birgunj | F95: Orchid Moto Corp, Birgunj | G95: {=IFERROR(INDEX(City_Lookup!$B$2:$B$297,MATCH(TRUE,ISNUMBER(SEARCH(City_Lookup!$A$2:$A$297,$F95&" "&$E95)),0)),"Not Available")} -> Parsa | H95: =IFERROR(INDEX(City_Lookup!$E$2:$E$66,MATCH($G95,City_Lookup!$D$2:$D$66,0)),"Not Available") -> Madhesh | I95: CCS2 | J95: AC | L95: 7.2 | M95: 7.2 | N95: plug_type='CCS2' | power_type='7.2Kw - AC' | O95: 1 | P95: +977-091-523714/524492 | Q95: https://www.google.com/maps/search/?api=1&query=Orchid%20Moto%20Corp%2C%20Birgunj%2C%20Orchid%20Moto%20Corp%2C%20Birgunj | R95: Listed | S95: Not Available | T95: chargingstationsnepal.com (workbook: EV_Station_Data.xlsx, brand/partner network compilation) | U95: NO | V95: YES | W95: 2026-09-03 | X95: +977-091-523714/524492 | Y95: From source | Z95: =IF($X95="Not Available","",TRIM(LEFT(SUBSTITUTE(SUBSTITUTE(SUBSTITUTE(SUBSTITUTE(SUBSTITUTE(SUBSTITUTE(SUBSTITUTE($X95," ",""),"-",""),"(",""),")",""),".",""),"+","")&"/","/",REPT(" ",60)),60))) -> 977091523714 | AA95: =IF($Z95="","",IF(ISNUMBER(-$Z95),IF(LEFT($Z95,3)="977",MID($Z95,4,20),$Z95),IF(ISNUMBER(SEARCH("977",$Z95)),MID($Z95,SEARCH("977",$Z95)+3,20),$Z95))) -> 091523714 | AB95: =IF($AA95="","",IF(LEFT($AA95,1)="0",MID($AA95,2,20),$AA95)) -> 91523714 | AC95: =IF($AB95="","Not Available","+977"&$AB95) -> +97791523714 | AD95: =IF($AB95="","Not Available",IF(AND(LEN($AB95)=10,LEFT($AB95,1)="9"),"Mobile",IF(AND(LEN($AB95)>=8,LEN($AB95)<=9),IF(ISNUMBER(SEARCH("/",$X95)),"Landline (multiple lines)","Landline"),"Unrecognised"))) -> Landline (multiple lines) | AE95: =IF($AB95="","Not Available",IF(AND(ISNUMBER(-$AB95),$AD95<>"Unrecognised"),"Valid","Check format")) -> Valid
A96: EVNP-0060 | B96: EVNP-0060-P1 | C96: LI Quick Service, Tinkune | D96: Hyundai | E96: LI Quick Service, Tinkune | F96: LI Quick Service, Tinkune | G96: {=IFERROR(INDEX(City_Lookup!$B$2:$B$297,MATCH(TRUE,ISNUMBER(SEARCH(City_Lookup!$A$2:$A$297,$F96&" "&$E96)),0)),"Not Available")} -> Kathmandu | H96: =IFERROR(INDEX(City_Lookup!$E$2:$E$66,MATCH($G96,City_Lookup!$D$2:$D$66,0)),"Not Available") -> Bagmati | I96: CCS2 | J96: AC | L96: 7.2 | M96: 7.2 | N96: plug_type='CCS2' | power_type='7.2Kw - AC' | O96: 1 | P96: +977-01-4111891/4111892 | Q96: https://www.google.com/maps/search/?api=1&query=LI%20Quick%20Service%2C%20Tinkune%2C%20LI%20Quick%20Service%2C%20Tinkune | R96: Listed | S96: Not Available | T96: chargingstationsnepal.com (workbook: EV_Station_Data.xlsx, brand/partner network compilation) | U96: NO | V96: YES | W96: 2026-09-03 | X96: +977-01-4111891/4111892 | Y96: From source | Z96: =IF($X96="Not Available","",TRIM(LEFT(SUBSTITUTE(SUBSTITUTE(SUBSTITUTE(SUBSTITUTE(SUBSTITUTE(SUBSTITUTE(SUBSTITUTE($X96," ",""),"-",""),"(",""),")",""),".",""),"+","")&"/","/",REPT(" ",60)),60))) -> 977014111891 | AA96: =IF($Z96="","",IF(ISNUMBER(-$Z96),IF(LEFT($Z96,3)="977",MID($Z96,4,20),$Z96),IF(ISNUMBER(SEARCH("977",$Z96)),MID($Z96,SEARCH("977",$Z96)+3,20),$Z96))) -> 014111891 | AB96: =IF($AA96="","",IF(LEFT($AA96,1)="0",MID($AA96,2,20),$AA96)) -> 14111891 | AC96: =IF($AB96="","Not Available","+977"&$AB96) -> +97714111891 | AD96: =IF($AB96="","Not Available",IF(AND(LEN($AB96)=10,LEFT($AB96,1)="9"),"Mobile",IF(AND(LEN($AB96)>=8,LEN($AB96)<=9),IF(ISNUMBER(SEARCH("/",$X96)),"Landline (multiple lines)","Landline"),"Unrecognised"))) -> Landline (multiple lines) | AE96: =IF($AB96="","Not Available",IF(AND(ISNUMBER(-$AB96),$AD96<>"Unrecognised"),"Valid","Check format")) -> Valid
A97: EVNP-0061 | B97: EVNP-0061-P1 | C97: LI Service, Kupandole | D97: Hyundai | E97: LI Service, Kupandole | F97: LI Service, Kupandole | G97: {=IFERROR(INDEX(City_Lookup!$B$2:$B$297,MATCH(TRUE,ISNUMBER(SEARCH(City_Lookup!$A$2:$A$297,$F97&" "&$E97)),0)),"Not Available")} -> Lalitpur | H97: =IFERROR(INDEX(City_Lookup!$E$2:$E$66,MATCH($G97,City_Lookup!$D$2:$D$66,0)),"Not Available") -> Bagmati | I97: CCS2 | J97: AC | L97: 7.2 | M97: 7.2 | N97: plug_type='CCS2' | power_type='7.2Kw - AC' | O97: 1 | P97: +977-01-5420037/5450380/5550380 | Q97: https://www.google.com/maps/search/?api=1&query=LI%20Service%2C%20Kupandole%2C%20LI%20Service%2C%20Kupandole | R97: Listed | S97: Not Available | T97: chargingstationsnepal.com (workbook: EV_Station_Data.xlsx, brand/partner network compilation) | U97: NO | V97: YES | W97: 2026-09-03 | X97: +977-01-5420037/5450380/5550380 | Y97: From source | Z97: =IF($X97="Not Available","",TRIM(LEFT(SUBSTITUTE(SUBSTITUTE(SUBSTITUTE(SUBSTITUTE(SUBSTITUTE(SUBSTITUTE(SUBSTITUTE($X97," ",""),"-",""),"(",""),")",""),".",""),"+","")&"/","/",REPT(" ",60)),60))) -> 977015420037 | AA97: =IF($Z97="","",IF(ISNUMBER(-$Z97),IF(LEFT($Z97,3)="977",MID($Z97,4,20),$Z97),IF(ISNUMBER(SEARCH("977",$Z97)),MID($Z97,SEARCH("977",$Z97)+3,20),$Z97))) -> 015420037 | AB97: =IF($AA97="","",IF(LEFT($AA97,1)="0",MID($AA97,2,20),$AA97)) -> 15420037 | AC97: =IF($AB97="","Not Available","+977"&$AB97) -> +97715420037 | AD97: =IF($AB97="","Not Available",IF(AND(LEN($AB97)=10,LEFT($AB97,1)="9"),"Mobile",IF(AND(LEN($AB97)>=8,LEN($AB97)<=9),IF(ISNUMBER(SEARCH("/",$X97)),"Landline (multiple lines)","Landline"),"Unrecognised"))) -> Landline (multiple lines) | AE97: =IF($AB97="","Not Available",IF(AND(ISNUMBER(-$AB97),$AD97<>"Unrecognised"),"Valid","Check format")) -> Valid
A98: EVNP-0062 | B98: EVNP-0062-P1 | C98: LI Service, Dhapasi | D98: Hyundai | E98: LI Service, Dhapasi | F98: LI Service, Dhapasi | G98: {=IFERROR(INDEX(City_Lookup!$B$2:$B$297,MATCH(TRUE,ISNUMBER(SEARCH(City_Lookup!$A$2:$A$297,$F98&" "&$E98)),0)),"Not Available")} -> Kathmandu | H98: =IFERROR(INDEX(City_Lookup!$E$2:$E$66,MATCH($G98,City_Lookup!$D$2:$D$66,0)),"Not Available") -> Bagmati | I98: CCS2 | J98: AC | L98: 7.2 | M98: 7.2 | N98: plug_type='CCS2' | power_type='7.2Kw - AC' | O98: 1 | P98: +977-01-4355430/4355431 | Q98: https://www.google.com/maps/search/?api=1&query=LI%20Service%2C%20Dhapasi%2C%20LI%20Service%2C%20Dhapasi | R98: Listed | S98: Not Available | T98: chargingstationsnepal.com (workbook: EV_Station_Data.xlsx, brand/partner network compilation) | U98: NO | V98: YES | W98: 2026-09-03 | X98: +977-01-4355430/4355431 | Y98: From source | Z98: =IF($X98="Not Available","",TRIM(LEFT(SUBSTITUTE(SUBSTITUTE(SUBSTITUTE(SUBSTITUTE(SUBSTITUTE(SUBSTITUTE(SUBSTITUTE($X98," ",""),"-",""),"(",""),")",""),".",""),"+","")&"/","/",REPT(" ",60)),60))) -> 977014355430 | AA98: =IF($Z98="","",IF(ISNUMBER(-$Z98),IF(LEFT($Z98,3)="977",MID($Z98,4,20),$Z98),IF(ISNUMBER(SEARCH("977",$Z98)),MID($Z98,SEARCH("977",$Z98)+3,20),$Z98))) -> 014355430 | AB98: =IF($AA98="","",IF(LEFT($AA98,1)="0",MID($AA98,2,20),$AA98)) -> 14355430 | AC98: =IF($AB98="","Not Available","+977"&$AB98) -> +97714355430 | AD98: =IF($AB98="","Not Available",IF(AND(LEN($AB98)=10,LEFT($AB98,1)="9"),"Mobile",IF(AND(LEN($AB98)>=8,LEN($AB98)<=9),IF(ISNUMBER(SEARCH("/",$X98)),"Landline (multiple lines)","Landline"),"Unrecognised"))) -> Landline (multiple lines) | AE98: =IF($AB98="","Not Available",IF(AND(ISNUMBER(-$AB98),$AD98<>"Unrecognised"),"Valid","Check format")) -> Valid
A99: EVNP-0063 | B99: EVNP-0063-P1 | C99: LI Service, Bhaktapur | D99: Hyundai | E99: LI Service, Bhaktapur | F99: LI Service, Bhaktapur | G99: {=IFERROR(INDEX(City_Lookup!$B$2:$B$297,MATCH(TRUE,ISNUMBER(SEARCH(City_Lookup!$A$2:$A$297,$F99&" "&$E99)),0)),"Not Available")} -> Bhaktapur | H99: =IFERROR(INDEX(City_Lookup!$E$2:$E$66,MATCH($G99,City_Lookup!$D$2:$D$66,0)),"Not Available") -> Bagmati | I99: CCS2 | J99: AC | L99: 7.2 | M99: 7.2 | N99: plug_type='CCS2' | power_type='7.2Kw - AC' | O99: 1 | P99: +977-01-5970226/6635266 | Q99: https://www.google.com/maps/search/?api=1&query=LI%20Service%2C%20Bhaktapur%2C%20LI%20Service%2C%20Bhaktapur | R99: Listed | S99: Not Available | T99: chargingstationsnepal.com (workbook: EV_Station_Data.xlsx, brand/partner network compilation) | U99: NO | V99: YES | W99: 2026-09-03 | X99: +977-01-5970226/6635266 | Y99: From source | Z99: =IF($X99="Not Available","",TRIM(LEFT(SUBSTITUTE(SUBSTITUTE(SUBSTITUTE(SUBSTITUTE(SUBSTITUTE(SUBSTITUTE(SUBSTITUTE($X99," ",""),"-",""),"(",""),")",""),".",""),"+","")&"/","/",REPT(" ",60)),60))) -> 977015970226 | AA99: =IF($Z99="","",IF(ISNUMBER(-$Z99),IF(LEFT($Z99,3)="977",MID($Z99,4,20),$Z99),IF(ISNUMBER(SEARCH("977",$Z99)),MID($Z99,SEARCH("977",$Z99)+3,20),$Z99))) -> 015970226 | AB99: =IF($AA99="","",IF(LEFT($AA99,1)="0",MID($AA99,2,20),$AA99)) -> 15970226 | AC99: =IF($AB99="","Not Available","+977"&$AB99) -> +97715970226 | AD99: =IF($AB99="","Not Available",IF(AND(LEN($AB99)=10,LEFT($AB99,1)="9"),"Mobile",IF(AND(LEN($AB99)>=8,LEN($AB99)<=9),IF(ISNUMBER(SEARCH("/",$X99)),"Landline (multiple lines)","Landline"),"Unrecognised"))) -> Landline (multiple lines) | AE99: =IF($AB99="","Not Available",IF(AND(ISNUMBER(-$AB99),$AD99<>"Unrecognised"),"Valid","Check format")) -> Valid
A100: EVNP-0064 | B100: EVNP-0064-P1 | C100: Labim Mall, Pulchowk, Lalitpur | D100: Hyundai | E100: Labim Mall, Pulchowk, Lalitpur | F100: Labim Mall, Pulchowk, Lalitpur | G100: {=IFERROR(INDEX(City_Lookup!$B$2:$B$297,MATCH(TRUE,ISNUMBER(SEARCH(City_Lookup!$A$2:$A$297,$F100&" "&$E100)),0)),"Not Available")} -> Lalitpur | H100: =IFERROR(INDEX(City_Lookup!$E$2:$E$66,MATCH($G100,City_Lookup!$D$2:$D$66,0)),"Not Available") -> Bagmati | I100: CCS2 | J100: AC | L100: 7.2 | M100: 7.2 | N100: plug_type='CCS2' | power_type='7.2Kw - AC' | O100: 1 | P100: +977-01-5529924 | Q100: https://www.google.com/maps/search/?api=1&query=Labim%20Mall%2C%20Pulchowk%2C%20Lalitpur%2C%20Labim%20Mall%2C%20Pulchowk%2C%20Lalitpur | R100: Listed | S100: Not Available | T100: chargingstationsnepal.com (workbook: EV_Station_Data.xlsx, brand/partner network compilation) | U100: NO | V100: YES | W100: 2026-09-03 | X100: +977-01-5529924 | Y100: From source | Z100: =IF($X100="Not Available","",TRIM(LEFT(SUBSTITUTE(SUBSTITUTE(SUBSTITUTE(SUBSTITUTE(SUBSTITUTE(SUBSTITUTE(SUBSTITUTE($X100," ",""),"-",""),"(",""),")",""),".",""),"+","")&"/","/",REPT(" ",60)),60))) -> 977015529924 | AA100: =IF($Z100="","",IF(ISNUMBER(-$Z100),IF(LEFT($Z100,3)="977",MID($Z100,4,20),$Z100),IF(ISNUMBER(SEARCH("977",$Z100)),MID($Z100,SEARCH("977",$Z100)+3,20),$Z100))) -> 015529924 | AB100: =IF($AA100="","",IF(LEFT($AA100,1)="0",MID($AA100,2,20),$AA100)) -> 15529924 | AC100: =IF($AB100="","Not Available","+977"&$AB100) -> +97715529924 | AD100: =IF($AB100="","Not Available",IF(AND(LEN($AB100)=10,LEFT($AB100,1)="9"),"Mobile",IF(AND(LEN($AB100)>=8,LEN($AB100)<=9),IF(ISNUMBER(SEARCH("/",$X100)),"Landline (multiple lines)","Landline"),"Unrecognised"))) -> Landline | AE100: =IF($AB100="","Not Available",IF(AND(ISNUMBER(-$AB100),$AD100<>"Unrecognised"),"Valid","Check format")) -> Valid
A101: EVNP-0065 | B101: EVNP-0065-P1 | C101: New Shiv Service, Sinamangal | D101: Hyundai | E101: New Shiv Service, Sinamangal | F101: New Shiv Service, Sinamangal | G101: {=IFERROR(INDEX(City_Lookup!$B$2:$B$297,MATCH(TRUE,ISNUMBER(SEARCH(City_Lookup!$A$2:$A$297,$F101&" "&$E101)),0)),"Not Available")} -> Kathmandu | H101: =IFERROR(INDEX(City_Lookup!$E$2:$E$66,MATCH($G101,City_Lookup!$D$2:$D$66,0)),"Not Available") -> Bagmati | I101: CCS2 | J101: AC | L101: 7.2 | M101: 7.2 | N101: plug_type='CCS2' | power_type='7.2Kw - AC' | O101: 1 | P101: +977-01-4474511/4474512/4474513 | Q101: https://www.google.com/maps/search/?api=1&query=New%20Shiv%20Service%2C%20Sinamangal%2C%20New%20Shiv%20Service%2C%20Sinamangal | R101: Listed | S101: Not Available | T101: chargingstationsnepal.com (workbook: EV_Station_Data.xlsx, brand/partner network compilation) | U101: NO | V101: YES | W101: 2026-09-03 | X101: +977-01-4474511/4474512/4474513 | Y101: From source | Z101: =IF($X101="Not Available","",TRIM(LEFT(SUBSTITUTE(SUBSTITUTE(SUBSTITUTE(SUBSTITUTE(SUBSTITUTE(SUBSTITUTE(SUBSTITUTE($X101," ",""),"-",""),"(",""),")",""),".",""),"+","")&"/","/",REPT(" ",60)),60))) -> 977014474511 | AA101: =IF($Z101="","",IF(ISNUMBER(-$Z101),IF(LEFT($Z101,3)="977",MID($Z101,4,20),$Z101),IF(ISNUMBER(SEARCH("977",$Z101)),MID($Z101,SEARCH("977",$Z101)+3,20),$Z101))) -> 014474511 | AB101: =IF($AA101="","",IF(LEFT($AA101,1)="0",MID($AA101,2,20),$AA101)) -> 14474511 | AC101: =IF($AB101="","Not Available","+977"&$AB101) -> +97714474511 | AD101: =IF($AB101="","Not Available",IF(AND(LEN($AB101)=10,LEFT($AB101,1)="9"),"Mobile",IF(AND(LEN($AB101)>=8,LEN($AB101)<=9),IF(ISNUMBER(SEARCH("/",$X101)),"Landline (multiple lines)","Landline"),"Unrecognised"))) -> Landline (multiple lines) | AE101: =IF($AB101="","Not Available",IF(AND(ISNUMBER(-$AB101),$AD101<>"Unrecognised"),"Valid","Check format")) -> Valid
A102: EVNP-0066 | B102: EVNP-0066-P1 | C102: Hyundai Sales, Naxal | D102: Hyundai | E102: Hyundai Sales, Naxal | F102: Hyundai Sales, Naxal | G102: {=IFERROR(INDEX(City_Lookup!$B$2:$B$297,MATCH(TRUE,ISNUMBER(SEARCH(City_Lookup!$A$2:$A$297,$F102&" "&$E102)),0)),"Not Available")} -> Kathmandu | H102: =IFERROR(INDEX(City_Lookup!$E$2:$E$66,MATCH($G102,City_Lookup!$D$2:$D$66,0)),"Not Available") -> Bagmati | I102: CCS2 | J102: AC | L102: 7.2 | M102: 7.2 | N102: plug_type='CCS2' | power_type='7.2Kw - AC' | O102: 1 | P102: +977-01-5911556/5911457/5911558 | Q102: https://www.google.com/maps/search/?api=1&query=Hyundai%20Sales%2C%20Naxal%2C%20Hyundai%20Sales%2C%20Naxal | R102: Listed | S102: Not Available | T102: chargingstationsnepal.com (workbook: EV_Station_Data.xlsx, brand/partner network compilation) | U102: NO | V102: YES | W102: 2026-09-03 | X102: +977-01-5911556/5911457/5911558 | Y102: From source | Z102: =IF($X102="Not Available","",TRIM(LEFT(SUBSTITUTE(SUBSTITUTE(SUBSTITUTE(SUBSTITUTE(SUBSTITUTE(SUBSTITUTE(SUBSTITUTE($X102," ",""),"-",""),"(",""),")",""),".",""),"+","")&"/","/",REPT(" ",60)),60))) -> 977015911556 | AA102: =IF($Z102="","",IF(ISNUMBER(-$Z102),IF(LEFT($Z102,3)="977",MID($Z102,4,20),$Z102),IF(ISNUMBER(SEARCH("977",$Z102)),MID($Z102,SEARCH("977",$Z102)+3,20),$Z102))) -> 015911556 | AB102: =IF($AA102="","",IF(LEFT($AA102,1)="0",MID($AA102,2,20),$AA102)) -> 15911556 | AC102: =IF($AB102="","Not Available","+977"&$AB102) -> +97715911556 | AD102: =IF($AB102="","Not Available",IF(AND(LEN($AB102)=10,LEFT($AB102,1)="9"),"Mobile",IF(AND(LEN($AB102)>=8,LEN($AB102)<=9),IF(ISNUMBER(SEARCH("/",$X102)),"Landline (multiple lines)","Landline"),"Unrecognised"))) -> Landline (multiple lines) | AE102: =IF($AB102="","Not Available",IF(AND(ISNUMBER(-$AB102),$AD102<>"Unrecognised"),"Valid","Check format")) -> Valid
A103: EVNP-0067 | B103: EVNP-0067-P1 | C103: Laxmi Bank Head Office, Kathmandu-Hattisar | D103: Hyundai | E103: Laxmi Bank Head Office, Kathmandu-Hattisar | F103: Laxmi Bank Head Office, Kathmandu-Hattisar | G103: {=IFERROR(INDEX(City_Lookup!$B$2:$B$297,MATCH(TRUE,ISNUMBER(SEARCH(City_Lookup!$A$2:$A$297,$F103&" "&$E103)),0)),"Not Available")} -> Kathmandu | H103: =IFERROR(INDEX(City_Lookup!$E$2:$E$66,MATCH($G103,City_Lookup!$D$2:$D$66,0)),"Not Available") -> Bagmati | I103: CCS2 | J103: AC | L103: 7.2 | M103: 7.2 | N103: plug_type='CCS2' | power_type='7.2Kw - AC' | O103: 1 | P103: +977-01-4544684 | Q103: https://www.google.com/maps/search/?api=1&query=Laxmi%20Bank%20Head%20Office%2C%20Kathmandu-Hattisar%2C%20Laxmi%20Bank%20Head%20Office%2C%20Kathmandu-Hattisar | R103: Listed | S103: Not Available | T103: chargingstationsnepal.com (workbook: EV_Station_Data.xlsx, brand/partner network compilation) | U103: NO | V103: YES | W103: 2026-09-03 | X103: +977-01-4544684 | Y103: From source | Z103: =IF($X103="Not Available","",TRIM(LEFT(SUBSTITUTE(SUBSTITUTE(SUBSTITUTE(SUBSTITUTE(SUBSTITUTE(SUBSTITUTE(SUBSTITUTE($X103," ",""),"-",""),"(",""),")",""),".",""),"+","")&"/","/",REPT(" ",60)),60))) -> 977014544684 | AA103: =IF($Z103="","",IF(ISNUMBER(-$Z103),IF(LEFT($Z103,3)="977",MID($Z103,4,20),$Z103),IF(ISNUMBER(SEARCH("977",$Z103)),MID($Z103,SEARCH("977",$Z103)+3,20),$Z103))) -> 014544684 | AB103: =IF($AA103="","",IF(LEFT($AA103,1)="0",MID($AA103,2,20),$AA103)) -> 14544684 | AC103: =IF($AB103="","Not Available","+977"&$AB103) -> +97714544684 | AD103: =IF($AB103="","Not Available",IF(AND(LEN($AB103)=10,LEFT($AB103,1)="9"),"Mobile",IF(AND(LEN($AB103)>=8,LEN($AB103)<=9),IF(ISNUMBER(SEARCH("/",$X103)),"Landline (multiple lines)","Landline"),"Unrecognised"))) -> Landline | AE103: =IF($AB103="","Not Available",IF(AND(ISNUMBER(-$AB103),$AD103<>"Unrecognised"),"Valid","Check format")) -> Valid
A104: EVNP-0068 | B104: EVNP-0068-P1 | C104: Hyundai Sales, Thapathali | D104: Hyundai | E104: Hyundai Sales, Thapathali | F104: Hyundai Sales, Thapathali | G104: {=IFERROR(INDEX(City_Lookup!$B$2:$B$297,MATCH(TRUE,ISNUMBER(SEARCH(City_Lookup!$A$2:$A$297,$F104&" "&$E104)),0)),"Not Available")} -> Kathmandu | H104: =IFERROR(INDEX(City_Lookup!$E$2:$E$66,MATCH($G104,City_Lookup!$D$2:$D$66,0)),"Not Available") -> Bagmati | I104: CCS2 | J104: AC | L104: 7.2 | M104: 7.2 | N104: plug_type='CCS2' | power_type='7.2Kw - AC' | O104: 1 | P104: +977-01-5911553/5911554/5911556 | Q104: https://www.google.com/maps/search/?api=1&query=Hyundai%20Sales%2C%20Thapathali%2C%20Hyundai%20Sales%2C%20Thapathali | R104: Listed | S104: Not Available | T104: chargingstationsnepal.com (workbook: EV_Station_Data.xlsx, brand/partner network compilation) | U104: NO | V104: YES | W104: 2026-09-03 | X104: +977-01-5911553/5911554/5911556 | Y104: From source | Z104: =IF($X104="Not Available","",TRIM(LEFT(SUBSTITUTE(SUBSTITUTE(SUBSTITUTE(SUBSTITUTE(SUBSTITUTE(SUBSTITUTE(SUBSTITUTE($X104," ",""),"-",""),"(",""),")",""),".",""),"+","")&"/","/",REPT(" ",60)),60))) -> 977015911553 | AA104: =IF($Z104="","",IF(ISNUMBER(-$Z104),IF(LEFT($Z104,3)="977",MID($Z104,4,20),$Z104),IF(ISNUMBER(SEARCH("977",$Z104)),MID($Z104,SEARCH("977",$Z104)+3,20),$Z104))) -> 015911553 | AB104: =IF($AA104="","",IF(LEFT($AA104,1)="0",MID($AA104,2,20),$AA104)) -> 15911553 | AC104: =IF($AB104="","Not Available","+977"&$AB104) -> +97715911553 | AD104: =IF($AB104="","Not Available",IF(AND(LEN($AB104)=10,LEFT($AB104,1)="9"),"Mobile",IF(AND(LEN($AB104)>=8,LEN($AB104)<=9),IF(ISNUMBER(SEARCH("/",$X104)),"Landline (multiple lines)","Landline"),"Unrecognised"))) -> Landline (multiple lines) | AE104: =IF($AB104="","Not Available",IF(AND(ISNUMBER(-$AB104),$AD104<>"Unrecognised"),"Valid","Check format")) -> Valid
A105: EVNP-0069 | B105: EVNP-0069-P1 | C105: Hotel Devotee, Dhangadhi | D105: Hyundai | E105: Hotel Devotee, Dhangadhi | F105: Hotel Devotee, Dhangadhi | G105: {=IFERROR(INDEX(City_Lookup!$B$2:$B$297,MATCH(TRUE,ISNUMBER(SEARCH(City_Lookup!$A$2:$A$297,$F105&" "&$E105)),0)),"Not Available")} -> Kailali | H105: =IFERROR(INDEX(City_Lookup!$E$2:$E$66,MATCH($G105,City_Lookup!$D$2:$D$66,0)),"Not Available") -> Sudurpashchim | I105: CCS2 | J105: AC | L105: 7.2 | M105: 7.2 | N105: plug_type='CCS2' | power_type='7.2Kw - AC' | O105: 1 | P105: +977-091-521618 | Q105: https://www.google.com/maps/search/?api=1&query=Hotel%20Devotee%2C%20Dhangadhi%2C%20Hotel%20Devotee%2C%20Dhangadhi | R105: Listed | S105: Not Available | T105: chargingstationsnepal.com (workbook: EV_Station_Data.xlsx, brand/partner network compilation) | U105: NO | V105: YES | W105: 2026-09-03 | X105: +977-091-521618 | Y105: From source | Z105: =IF($X105="Not Available","",TRIM(LEFT(SUBSTITUTE(SUBSTITUTE(SUBSTITUTE(SUBSTITUTE(SUBSTITUTE(SUBSTITUTE(SUBSTITUTE($X105," ",""),"-",""),"(",""),")",""),".",""),"+","")&"/","/",REPT(" ",60)),60))) -> 977091521618 | AA105: =IF($Z105="","",IF(ISNUMBER(-$Z105),IF(LEFT($Z105,3)="977",MID($Z105,4,20),$Z105),IF(ISNUMBER(SEARCH("977",$Z105)),MID($Z105,SEARCH("977",$Z105)+3,20),$Z105))) -> 091521618 | AB105: =IF($AA105="","",IF(LEFT($AA105,1)="0",MID($AA105,2,20),$AA105)) -> 91521618 | AC105: =IF($AB105="","Not Available","+977"&$AB105) -> +97791521618 | AD105: =IF($AB105="","Not Available",IF(AND(LEN($AB105)=10,LEFT($AB105,1)="9"),"Mobile",IF(AND(LEN($AB105)>=8,LEN($AB105)<=9),IF(ISNUMBER(SEARCH("/",$X105)),"Landline (multiple lines)","Landline"),"Unrecognised"))) -> Landline | AE105: =IF($AB105="","Not Available",IF(AND(ISNUMBER(-$AB105),$AD105<>"Unrecognised"),"Valid","Check format")) -> Valid
... A137: EVNP-0101 | B137: EVNP-0101-P1 | C137: Dorje's Resort & Spa, Pokhara | D137: Hyundai | E137: Dorje's Resort & Spa, Pokhara | F137: Dorje's Resort & Spa, Pokhara | G137: {=IFERROR(INDEX(City_Lookup!$B$2:$B$297,MATCH(TRUE,ISNUMBER(SEARCH(City_Lookup!$A$2:$A$297,$F137&" "&$E137)),0)),"Not Available")} -> Kaski | H137: =IFERROR(INDEX(City_Lookup!$E$2:$E$66,MATCH($G137,City_Lookup!$D$2:$D$66,0)),"Not Available") -> Gandaki | I137: CCS2 | J137: AC | L137: 7.2 | M137: 7.2 | N137: plug_type='CCS2' | power_type='7.2Kw - AC' | O137: 1 | P137: +977-061-590735 | Q137: https://www.google.com/maps/search/?api=1&query=Dorje%27s%20Resort%20%26%20Spa%2C%20Pokhara%2C%20Dorje%27s%20Resort%20%26%20Spa%2C%20Pokhara | R137: Listed | S137: Not Available | T137: chargingstationsnepal.com (workbook: EV_Station_Data.xlsx, brand/partner network compilation) | U137: NO | V137: YES | W137: 2026-09-03 | X137: +977-061-590735 | Y137: From source | Z137: =IF($X137="Not Available","",TRIM(LEFT(SUBSTITUTE(SUBSTITUTE(SUBSTITUTE(SUBSTITUTE(SUBSTITUTE(SUBSTITUTE(SUBSTITUTE($X137," ",""),"-",""),"(",""),")",""),".",""),"+","")&"/","/",REPT(" ",60)),60))) -> 977061590735 | AA137: =IF($Z137="","",IF(ISNUMBER(-$Z137),IF(LEFT($Z137,3)="977",MID($Z137,4,20),$Z137),IF(ISNUMBER(SEARCH("977",$Z137)),MID($Z137,SEARCH("977",$Z137)+3,20),$Z137))) -> 061590735 | AB137: =IF($AA137="","",IF(LEFT($AA137,1)="0",MID($AA137,2,20),$AA137)) -> 61590735 | AC137: =IF($AB137="","Not Available","+977"&$AB137) -> +97761590735 | AD137: =IF($AB137="","Not Available",IF(AND(LEN($AB137)=10,LEFT($AB137,1)="9"),"Mobile",IF(AND(LEN($AB137)>=8,LEN($AB137)<=9),IF(ISNUMBER(SEARCH("/",$X137)),"Landline (multiple lines)","Landline"),"Unrecognised"))) -> Landline | AE137: =IF($AB137="","Not Available",IF(AND(ISNUMBER(-$AB137),$AD137<>"Unrecognised"),"Valid","Check format")) -> Valid
A138: EVNP-0102 | B138: EVNP-0102-P1 | C138: Siddhartha River Side Resort, Butwal | D138: Tata | E138: Siddhartha River Side Resort, Butwal | F138: Siddhartha River Side Resort, Butwal | G138: {=IFERROR(INDEX(City_Lookup!$B$2:$B$297,MATCH(TRUE,ISNUMBER(SEARCH(City_Lookup!$A$2:$A$297,$F138&" "&$E138)),0)),"Not Available")} -> Rupandehi | H138: =IFERROR(INDEX(City_Lookup!$E$2:$E$66,MATCH($G138,City_Lookup!$D$2:$D$66,0)),"Not Available") -> Lumbini | I138: CCS2 | J138: DC | K138: 30.0 | M138: 30.0 | N138: plug_type='CCS2' | power_type='DC (30 kW DC)' | O138: 1 | P138: +9779851151478 | Q138: https://www.google.com/maps/search/?api=1&query=Siddhartha%20River%20Side%20Resort%2C%20Butwal%2C%20Siddhartha%20River%20Side%20Resort%2C%20Butwal | R138: Listed | S138: Not Available | T138: chargingstationsnepal.com (workbook: EV_Station_Data.xlsx, brand/partner network compilation) | U138: NO | V138: YES | W138: 2026-09-03 | X138: +9779851151478 | Y138: From source | Z138: =IF($X138="Not Available","",TRIM(LEFT(SUBSTITUTE(SUBSTITUTE(SUBSTITUTE(SUBSTITUTE(SUBSTITUTE(SUBSTITUTE(SUBSTITUTE($X138," ",""),"-",""),"(",""),")",""),".",""),"+","")&"/","/",REPT(" ",60)),60))) -> 9779851151478 | AA138: =IF($Z138="","",IF(ISNUMBER(-$Z138),IF(LEFT($Z138,3)="977",MID($Z138,4,20),$Z138),IF(ISNUMBER(SEARCH("977",$Z138)),MID($Z138,SEARCH("977",$Z138)+3,20),$Z138))) -> 9851151478 | AB138: =IF($AA138="","",IF(LEFT($AA138,1)="0",MID($AA138,2,20),$AA138)) -> 9851151478 | AC138: =IF($AB138="","Not Available","+977"&$AB138) -> +9779851151478 | AD138: =IF($AB138="","Not Available",IF(AND(LEN($AB138)=10,LEFT($AB138,1)="9"),"Mobile",IF(AND(LEN($AB138)>=8,LEN($AB138)<=9),IF(ISNUMBER(SEARCH("/",$X138)),"Landline (multiple lines)","Landline"),"Unrecognised"))) -> Mobile | AE138: =IF($AB138="","Not Available",IF(AND(ISNUMBER(-$AB138),$AD138<>"Unrecognised"),"Valid","Check format")) -> Valid
A139: EVNP-0103 | B139: EVNP-0103-P1 | C139: Taaj River Side Resort, Butwal | D139: Tata | E139: Taaj River Side Resort, Butwal | F139: Taaj River Side Resort, Butwal | G139: {=IFERROR(INDEX(City_Lookup!$B$2:$B$297,MATCH(TRUE,ISNUMBER(SEARCH(City_Lookup!$A$2:$A$297,$F139&" "&$E139)),0)),"Not Available")} -> Rupandehi | H139: =IFERROR(INDEX(City_Lookup!$E$2:$E$66,MATCH($G139,City_Lookup!$D$2:$D$66,0)),"Not Available") -> Lumbini | I139: CCS2 | J139: DC | K139: 30.0 | M139: 30.0 | N139: plug_type='CCS2' | power_type='DC (30 kW DC)' | O139: 1 | P139: +9779851088440 | Q139: https://www.google.com/maps/search/?api=1&query=Taaj%20River%20Side%20Resort%2C%20Butwal%2C%20Taaj%20River%20Side%20Resort%2C%20Butwal | R139: Listed | S139: Not Available | T139: chargingstationsnepal.com (workbook: EV_Station_Data.xlsx, brand/partner network compilation) | U139: NO | V139: YES | W139: 2026-09-03 | X139: +9779851088440 | Y139: From source | Z139: =IF($X139="Not Available","",TRIM(LEFT(SUBSTITUTE(SUBSTITUTE(SUBSTITUTE(SUBSTITUTE(SUBSTITUTE(SUBSTITUTE(SUBSTITUTE($X139," ",""),"-",""),"(",""),")",""),".",""),"+","")&"/","/",REPT(" ",60)),60))) -> 9779851088440 | AA139: =IF($Z139="","",IF(ISNUMBER(-$Z139),IF(LEFT($Z139,3)="977",MID($Z139,4,20),$Z139),IF(ISNUMBER(SEARCH("977",$Z139)),MID($Z139,SEARCH("977",$Z139)+3,20),$Z139))) -> 9851088440 | AB139: =IF($AA139="","",IF(LEFT($AA139,1)="0",MID($AA139,2,20),$AA139)) -> 9851088440 | AC139: =IF($AB139="","Not Available","+977"&$AB139) -> +9779851088440 | AD139: =IF($AB139="","Not Available",IF(AND(LEN($AB139)=10,LEFT($AB139,1)="9"),"Mobile",IF(AND(LEN($AB139)>=8,LEN($AB139)<=9),IF(ISNUMBER(SEARCH("/",$X139)),"Landline (multiple lines)","Landline"),"Unrecognised"))) -> Mobile | AE139: =IF($AB139="","Not Available",IF(AND(ISNUMBER(-$AB139),$AD139<>"Unrecognised"),"Valid","Check format")) -> Valid
A140: EVNP-0104 | B140: EVNP-0104-P1 | C140: Sipradi Trading, Pokhara | D140: Tata | E140: Sipradi Trading, Pokhara | F140: Sipradi Trading, Pokhara | G140: {=IFERROR(INDEX(City_Lookup!$B$2:$B$297,MATCH(TRUE,ISNUMBER(SEARCH(City_Lookup!$A$2:$A$297,$F140&" "&$E140)),0)),"Not Available")} -> Kaski | H140: =IFERROR(INDEX(City_Lookup!$E$2:$E$66,MATCH($G140,City_Lookup!$D$2:$D$66,0)),"Not Available") -> Gandaki | I140: CCS2 | J140: DC | K140: 30.0 | M140: 30.0 | N140: plug_type='CCS2' | power_type='DC (30 kW DC)' | O140: 1 | P140: +977-061538499 | Q140: https://www.google.com/maps/search/?api=1&query=Sipradi%20Trading%2C%20Pokhara%2C%20Sipradi%20Trading%2C%20Pokhara | R140: Listed | S140: Not Available | T140: chargingstationsnepal.com (workbook: EV_Station_Data.xlsx, brand/partner network compilation) | U140: NO | V140: YES | W140: 2026-09-03 | X140: +977-061538499 | Y140: From source | Z140: =IF($X140="Not Available","",TRIM(LEFT(SUBSTITUTE(SUBSTITUTE(SUBSTITUTE(SUBSTITUTE(SUBSTITUTE(SUBSTITUTE(SUBSTITUTE($X140," ",""),"-",""),"(",""),")",""),".",""),"+","")&"/","/",REPT(" ",60)),60))) -> 977061538499 | AA140: =IF($Z140="","",IF(ISNUMBER(-$Z140),IF(LEFT($Z140,3)="977",MID($Z140,4,20),$Z140),IF(ISNUMBER(SEARCH("977",$Z140)),MID($Z140,SEARCH("977",$Z140)+3,20),$Z140))) -> 061538499 | AB140: =IF($AA140="","",IF(LEFT($AA140,1)="0",MID($AA140,2,20),$AA140)) -> 61538499 | AC140: =IF($AB140="","Not Available","+977"&$AB140) -> +97761538499 | AD140: =IF($AB140="","Not Available",IF(AND(LEN($AB140)=10,LEFT($AB140,1)="9"),"Mobile",IF(AND(LEN($AB140)>=8,LEN($AB140)<=9),IF(ISNUMBER(SEARCH("/",$X140)),"Landline (multiple lines)","Landline"),"Unrecognised"))) -> Landline | AE140: =IF($AB140="","Not Available",IF(AND(ISNUMBER(-$AB140),$AD140<>"Unrecognised"),"Valid","Check format")) -> Valid
...

Sheet City_Lookup
A1: keyword | B1: district | D1: district | E1: province | G1: Assumed mapping: district inferred from town/locality keywords found in city + address text; province from the standard Nepal district-to-province assignment. Keywords are matched longest-first.
A2: Siddharthanagar | B2: Rupandehi | D2: Tanahun | E2: Gandaki | G2: Low-confidence keywords: 'Rashwa Bivag' -> Gulmi (Ridhi EV Charging Station, assumed Ridi Bazaar); 'Andrauli' -> Chitwan (Barahi Jungle Lodge, Meghauli).
A3: Aanbu Khaireni | B3: Tanahun | D3: Gorkha | E3: Gandaki
A4: Sindhupalchwok | B4: Sindhupalchok | D4: Lamjung | E4: Gandaki
A5: Sindhupalchowk | B5: Sindhupalchok | D5: Kaski | E5: Gandaki
A6: Aabu Khaireni | B6: Tanahun | D6: Syangja | E6: Gandaki
A7: Sobhabhagwati | B7: Kathmandu | D7: Parbat | E7: Gandaki
A8: Chhaya Center | B8: Kathmandu | D8: Myagdi | E8: Gandaki
A9: Birendranagar | B9: Surkhet | D9: Baglung | E9: Gandaki
A10: Mahendranagar | B10: Kanchanpur | D10: Nawalpur | E10: Gandaki
A11: Koshi Rajmarg | B11: Sunsari | D11: Dhading | E11: Bagmati
A12: Dhangadhimai | B12: Siraha | D12: Chitwan | E12: Bagmati
A13: Hanumannagar | B13: Saptari | D13: Makwanpur | E13: Bagmati
A14: Sangha Chowk | B14: Sindhupalchok | D14: Sindhuli | E14: Bagmati
... A66: Darechowk | B66: Dhading | D66: Solukhumbu | E66: Koshi
A67: Charaundi | B67: Dhading
A68: Bharatpur | B68: Chitwan
A69: Bachhauli | B69: Chitwan
A70: Kulekhani | B70: Makwanpur
A71: Makwanpur | B71: Makwanpur
A72: Mahottari | B72: Mahottari
A73: Dhalkebar | B73: Dhanusha
A74: Laxminiya | B74: Dhanusha
A75: Mirchaiya | B75: Siraha
A76: Jhangholi | B76: Sindhuli
A77: Kamalamai | B77: Sindhuli
A78: Nepalthok | B78: Sindhuli
... A297: Rashwa Bivag | B297: Gulmi
